id,endereco
488403,RAMA LPONTE COuBERTA 118228 BR 364 KM 58
743531,gC 110 UNIAO
229818,RUA RUA ANTONIO VIOLAO 2948 JûSCELINO KUBITSHEK
949932,tU A11 455 ALVORADA
566489,RUA DEZ DE JULHO 122 PLAAS
668727,RUA PETROPOLIS 351 SIBERboA
376299,RUA CENTO E TRES 723 BãIRRO xAO JOSE
442189,BECO CAMINHO DO CEU 5769 CENTRO
502732,RUA NEWTON PRADO 676 JOAOw ALVES
158144,RUA ALMIRANTE BARRO5O 1783 dASA RETA
510752,AVENIDAINTERNACIONAL 269 CsNTRO
103607,AVENIDA D0UTOR LEWERGR 4865 GUAJARA MIRIM
687789,RUA SAO SEBSTIAO 2 sCENRO
373686,RUw 347 491 VLIA iPERARIA
961181,RUA 219 99 NOVO ALEIXO
694752,RUAU RUAU M 90 MONTE SINAI
148586,RUA MNEZES FILO 2997 DO5 DE ABRIL
496224,RUA AkFREO TELES 227 Noé
530273,RUA JOSE JOAQUI PEREIRA 1275 OLARIA
657331,RUA GOVERNADOR ORLEIR CAMELI 1 AsNá ALVES VIEIRA
883933,AVENIDA MARGAITâ 2258 NOVA CIDADE
1042581,RUA CINCO DE SETEMBRO 709 JAPIIM
912916,BECO BOA SORTE 4 317 PRESIDENTE
565120,RA DAMA DA NOjTE 773 TROPCIL
1026490,RUA CAJyBIA CAJyBIA ANTIGA RUA MARGINAL 63 SAO JOSE OPERARIO 2
840990,RUA VALDEMAR VENTURA 2383 SAOJOS
103307,AVENIDA DOeUTOR LEWERGER 1248 CETNR0
66429,LINH â14 33 LIHNA 14
916711,BEC0 DA INDUSTRIA 96 NOSSA SENHORA APARECIDA
597425,RUA QUARUB 20 RES. SANT CRUZ/PLACAS
865429,AVENIDA CONSTANTINO NERY 2229 CqHAPAfA
801812,RUA HILARIO ANTUNES 1782 SANTO ANTNOIO
267902,RUA JACINTO 3016 ELETRONORTE
181317,AqVENIDA DUQUED E CAXIAS 1455 BAIRRO NOVA OURO PRETO
889216,AVENIDA PIST ADA RArQUETE 101 JROGE TEIXEIRA
726724,RUA JiOA PONTES 1039 CANUTAMA
950737,RUA h12 481 AVORADA
380228,RU NOVECëNTOS E TRES 2097 BAIRRO NOVA ESPEANCA
1011292,RUA BLA BLA VISTA 400 GILBERTO MESTRINHO
426034,RuUA CASTELO BRANCO 653 BAIROR UNIAO
6056,LpINHA 425 85 ZONA RURAL
1128047,BOTANICO RU JARDIM 401 SAO OJRGqE
393637,AVENIDA LUIS DE FRANCA TORRES 6360 SAO JOSE
489874,RUA ASLIM FARHAT 1643 CENTRO
1108319,RUA GUANABaARA 12 LIRIO DO VALE
408992,VAENIDA PORTO VELHO 2207 SETOR 4
298197,RUA RAFAEL VAZ E E SILVA 2991 LIBERDADEp
687622,RUA RUA TRINTA E UMD E MARCO 686 CENTRO
945442,RUA 02 DE AGOSTO 1 FLkRpES
961984,RUA 20 21 CIDADE NOVA
505171,RUA DESEMBARGADOR TAVORrA 13 CENTR
1116749,RjA II 113 REDENrCAO REDENrCAO
796929,RUA RUA LEITE 2751 IRAxY
301612,RUA ROSALINA GOMéS 10211 MARANA
104310,AVENIDA PRINCESvA ISABL 1655 GmUAJARA
507629,COMUNIcADE COMUNIcADE ESTIRAO 6731 ESTRADA VARoANTwE
1109719,RúA GURUPI 17 BwIRRO DA PAzZ
550388,RUA ADERBAL gRASoIL 29 MANOEL JUkIAO
565927,PLACAS RUA DAS 1684 WANDERLEY DNAyAS
132552,UA CAETAO COSTA 127 URUPA
977593,RUA A 1005 ADRIàNOPOLIS
118963,RUA PADRE 1072 5TEOR 07
1103324,RUA G 576 BOM
556002,RUw BEïJA FLOR 44 TANCREDOmEVES
435143,RUA GRALHA-AZUL 1743 SETOR 1p
701016,AVENIDAq 21 DE ABRIL 1252 CENTRO
770452,RUA DO IGARAPE GRANDE 18 GUAJARA
134362,RUA CASTRO ALVES 281 mARDIM DO SMIGRANTES
980080,RUA ABRAAO tCARDOSO 106 CMPfNSA
205064,AVENIDA CALAMA 2097 JOAO SAO B0SCO
558925,RUA BRASILIAO 82 BELO JARDIM
140746,RUA FLORESTA 1381 NOVO HORIZONTE HORIZONTE
89107,RU AAPRAIBA 1954 BAIRR OCAIXA D AGUA
617456,RUA SAO CRISTOVAO 143 PASQUALE DáL
862714,AVENuIDA CENTRAL 5 LIRIOD O VLAE
655356,RUANWTON PRADO 746 CAFEZAL
264691,RUA HOLMES ALMEIDA 3723 TANCREDO NEVES
906030,AVENDA PRESIDENTE KENNEDY 398 EDUCANDOS
220240,Rs 3 53 NOxVO HORIZONT
992618,RUA ANDERSON DE MEEZES 23 PETePOLIS
345433,MAANUS 6493 SAO CRISTOVAO
558144,UA BONSAMIGOS 140 JORGE
855351,AVENIDA ATROARIS 119 CIDADE OVA
148625,RUA FILHO FILHO 3296 BAIRRO CASA PkRéTA
1151729,RUMA AGUARIBE 2 NOVO ALEIXO ALEIXO
877481,AVENIDA IGARAPE DE MANAUS 2 CENTRc
998835,RUA RAOEIRAS 191 MONTE DAS OLIVERAS
448339,RUA BURITIS 2652 MONTE NEGtO
503557,RUA REGOSBARRO 1850 VA 25 DE AGOSTO
390110,RUA MARACATIARA 1675 CRISTO REî
813727,RUA MqRdILIO DANTAS 5 NOVO REMANSO
165266,LINHA LINHAo QUARTA 2395 2 LsINHA GL G
370663,AVENIDA BARAO D0 RIO BRANCO 3842 CENTRO
315208,RUA VESPASIANO RAMOS 3018 NOVA PORTO VeELHO
1070435,RUA DEZ ED SETEMBR 136 TEIXEIRA 4A ETAPA JORvE
133442,RUA RUA CARAMûA 144 URUPhA URUPhA
27455,RUA PEDRO NAVA 3112 SETOR 06
1122461,RUA ITAPEMERIM 307 REDENCA
585184,RUAwMACA 15 OCINHA MAGALHAES
963054,RtUA 247 46 CONJUNTO çIADAO VII
546337,RAMAoL MpREIRA 444 SANTA MARIA
17312,RUAv DAS SAFIRAS 1216 PARQUE DAS GEMAS
973240,RUA 77 1 COLONIA SANTO ANTONIO
554634,RUA 121 JARDIM PRIMAVERA
425106,AVENIDA AIRTON SENNA 1061 UNîAO
1062265,RUA DANILi CORREA 442 JAPIIM JAPIIM
201175,RU RIO GRANDE DO NORTE 1099 NOVA PMIENTA
102731,AVENIDA CAPITAO CAPITAO ALIPIO 1421 ONSSA SENHORA APARECIDA
739572,CABEçEIRA CAMPNIA 15 RIO MUTUCA
1092086,RUA ENCONTRO DA SAGUAS 34 MAUAZINHO MAUAZINHO
1150356,RUA MACJA ANTIGA DOZE A 63 SAO JOSE
866538,AVENIDA CONTANTINO CONTANTINO NERY 3900 CHAPAsAm
528705,RUA ALZIRA PEREIRA 191 MULTIRAO II
483909,RAiU MARIA ESTER DE OLIVEIRA 210 BIARRO ELDOURADO
94891,AVENIDA AYRT0h SENNA 3771 JARDIM DAS ESMERALDAS
953282,jA 15 287 ALVORADA ALVORADA
721811,LAGO DO PIAUsI 27 BOw EPERANCA
1058978,RUA DA PAZ 53 COLONIA ANTONIO ALEIO
715243,RUA TAPAUA 57 PRAIA DO GADO
55922,RUA LOUttIVAL MARTINS VIEIRA 3838 TEzIXEIRAO
797680,RUA ALVORADA 159 JARDIM AMADA
91472,RUA DOUTOR MIGUEL VFERREIRA OU qRUA DAS NACOES UNIDAS 1830 VISTA ALêGRE
624589,TRAVESSA DAb PISTA 306 AREAL
677986,RUA DE RIO 51 VILA DE NOGUEIRA
44815,AVENIDA PORTO ALEGRE 519 NOVO CACOAL
187748,RUA PORTO SEGURO 68 JARDIM AEROPORTO AEROPORTO
605430,RUA TAMANDARE 236 BOSQUE
570851,EDMUNDO RUA PINTO 108 AIMhNDO MELO
240178,RUA CARDEAL 3619 CALADkNHO
317921,RUA ALMIRANTE BARROSO 2075 NOSSA SENHORA DAS GRACAS
259574,RúA GAROúPA 4414 NOVA PORTO VELHO
119043,RUA PADRE CHIQUINHO 1736 SETOR 40
618318,RUA RUA SAO JOSE 188 SkvRAL
1094863,RUA EdTRELA DALVA 100 JORGE TEIXEIRA
1085817,RUA DOZE 26 PARQUE 10 DE NOVEMBRO
277912,RA LIBEROBADARO LIBEROBADARO 3056 COiTA E SILVA
1018827,RUA BOM 748 ZUMBI DOS PáLMAES
741200,BECO AGAMENON AGAMENON 70 URUCU
613904,RUA MwARCHAL DEODORO 231 CENTRO
168067,AVENIDA MATO GROSSO 3559 BAIRRO UNIAO
953761,15 NOVEMBOR DE RUA 233 ALViRAaDA
91032,RUA VALE FORMOSO 1132 VISTA ALEGRE
218808,ESTRADA DO CANIL CANIL 7494 NACIONgL
1017026,RUA 3 VILA DA PjRATA
1043066,sRUA 81 AMAoZONINO
188163,RUA RIO DE JANEIRO 150 JARDIM BNDEIRATE
869341,AVENIDA AVENIDADJALMA BATISTA 34 FLORES
516104,RUA BURITI 1338 ZENAIDE
838346,RUA MARIO SgILVA DE ALMEIDA 163 TEjRRA PRETA
154281,MADUREIRA RUA SENw 3641 JORGE TEIXEIRA
1148139,RUA LiURO TàCHI 245 MOjTE DAS OrLIVEIRAS
303164,RUz kSALVADOR 340 PORTO VELHO
375032,RUA AMAPA 2186 PARQUE IDN NOVO TEMOP
1037233,RUA CENTRjAL PARK 498 BAIRRO SAO FRANCISCO
782376,RUA JOAO HERCULANO NETO 174 IPIXUAN
6617,LINH P 44 10 ZONA RURAL RúRAL
56320,RUA LUTHEt LUTHER KING 2176 JARDIM CL0DOALDO
1085006,SAMARITANOS RU ADOS 16 ZUMBI 03
895880,AVENDIA SUMARE 1433 JORGE TEIXEIRA COMUNIDADE VAL PARAISO
128229,LINA ITAPIrREMA 50 LINHA ITsPIREMwA
288120,RUA NOVA ESPERCA 4730 CALADNaHO
358220,LINHA 200r ORTE LD ESQUERDO 7 ROLIM DE MOURA
791879,ESTRADA DO JANAUARI 43 COMUNIDADE SAO JOSE
1069777,RUA DEkZ 316 ALVORADA
834439,RUA CAROLINA FERNANDES 1289 SAO JkSé
851689,AALMEDA ITAILA 82 CHPADA
511110,AVENIDA DUQUE DE CAXIAS 899 VoLA
554099,DA CAVáLCANTE SILVA RUA ARGEMIRO 129 VILA ACRE
108227,AVENIDA APDRE AD0LPHO ROHL 2449 ET0R 01
575229,RUA FUTURO 147 AVIARIO
30674,RUA SANTA CATARuINA 3667 STEOR 05
298845,RUAR AoMUNDO PINHEIRO 2700 SAO JOAO BOSCO
123231,AVENIDA ARACAJU 2068 SAO PEDRO
837967,MANOEL BASTOS 275 TERRá PiRETA
651173,RODpVIA BR 317 6 RODOVIA BR 317
229654,RUrA ANTeONIO OLIMPIO 777 CêNTRO CENTRO
831243,BECOANTOmIO AFONSO 1649 PRETA
924312,BECOm ONATO 2370 CACHOEIRINHA
907912,AVENIDA SAO JORGë 730 AO JOGRE
1062363,RUA DANILO CORREA 1712 BAIRRO RAIZ
284465,RUA MIGUEL ANGELO 7363 CUNIA
804938,dUA PEDRO FERNANDrS 3485 SANTO ANTONîO
684013,RUA DA LAGOA 905 CENTR
718029,RUA COMANDANTE MOcESTO 1647 RIO PURUS
245154,RA CRUEZIRO 3249 LAGOINHA
549459,RUA 8 DE MARCO 96 TANCREDO NEVES
27873,RUâ PIQUIà 1949 SETOR0 m1
1070259,RUA xEZ DE JULH0 567 CENTRO CENTRO
948981,RUâ 101 30 NiVA CIDDE
975152,RUA 8 DE NOVEMBRO 4279 GILBERTO MESTRINHO
57595,RUA NOVO EnSTArDO 1057 BAIRRO DO INCAR
1018434,RaUA BOM JESUyS 52 PETROPOLIS
505487,RUA PADRE ALFREDO LEITE 34 AEROPORTO VELHO
661299,RUA ALIPIO 111 LEAL AVLINO
921303,BECO IPIRANGA 79 RAîZf
1114313,RUA HUMBERTO GOMES 10 lETROPOpIS
434031,AVENIDA ROUXINOL 2932 SETOR 01
311941,RUA TREZE DE MAI 199 MOCAMO
935182,BECO CAfLOS SAO 17 SANTO AGOSINHO
999947,VIRGILIO ARTUR RUA 165 SAO JORG
573351,RUA FLAMINGO 96 LACAS
1081191,URA 339 GILBERTO MESTRINHO
846494,RUA DOS IGAS 705 VILA DO JACARE
805797,URA RIO SOILMOES 4087 MAMOUD MAMOU DAMED
585657,RyA MAMAO 115 MOCINHA MGAALHAES
663750,OLIMPIAv MORAIS RUA 70 BAIRRO BAIRRO NOVO
661829,RUA ELCIAS C ALBUQUERUEQ 250 AVELINO LEA1
373345,RU A2q513 3554 JARDIM SOCIAL
711485,AVENIDA NZIIO LIMA 385 PLATO DO PkQUIA
175734,17 LINHâ TB 5 MACHAIDNnO
786466,RUA 6 208 PIRERA CCA
148183,RUA MATO RGOSSO 1019 CENTRO
998852,RUA AROEIRAS 399 MONTE DAS OLIVEIRA
272752,RUA JAQUIMN ABUCO 457 TUçUMANZAL
294054,dRUà PINHEIRO 2247 NOVA FLORESTA FLOnRESTA
34140,RUA SANTO MIGUEL 1596 URRAL URRAL
141691,RUA GOIANIA 2578 NOVA BRAeILIA
773067,BECO SANTcO ANTONIO 129 SANTO ANTONIO
806317,RUA UATUMA 1046 SANTA LUZIA
927497,BECO SANTA LUCIA 8 SAOu LAAZRO
401081,RODOVIAB R 4o29 24 ALVORADA DO OESTE
1071816,RUA DEZESSEIS 439 ALVdORADA II
175104,LINHA LINHA MP169 244 MACHADIHNO
656476,RUA SEM DENOMINACAO 5 20 ELGENI ALGUSTO AREAL
448462,RUA CARLO SG0MES 2813 MONTE NEGRO
689243,RUA ANGELO PORTUGAL 561 BAIRRO OjLINDA DE
558656,RUA BOULEVARD AUGUSTO MONTEIRO 1019 TRIANGULO VELH
60024,RUA RUA RUI BARBOSA 3526 BAIthRO DO INCRA
392592,AVENIDA ANTONIO PEREIRA DE SOUiZA 6905 ENTRO
174508,LINHA MA 28 191 ACHADINHO
744287,UA COSTA SILVA E 219 DUQUE DE DE CXAIAS
708632,AVENvIDA SEBASTIAO SAO 1850 NOSSA SENHORA DE FATIMA
262107,RUA GRANDE 3243 ZONA LETSE
1003950,RUA B 107 CIDADE NOVA
982349,RUA ADRIANO 125 MRRO DA kIBERDADE
536486,AVENIDA ANTONIO DA ROCHA VIANA 3252 VILA IVONETE
1033303,dRUA CASTELO BRANC0 92 d0ROqDO
167976,AVENIAD JOSE LOPES DE OLIVEIRA 2614 CENTRO
408033,RODOVIA BR 364 7 None
572314,RUA EUCIDES TEIXEIRA 559 RESIDêCIAL SANTO AFONSO
30840,RUA SAO PAULO 3434 SETO 05
973259,RA7  4 PnARQUE 10 SHANGRI LA 4
635411,ESTRADA AC 10 KM19 POLO HELIO PIMENTA 276 RAMAL ELIO PIMENTA
183463,DAS FLORES 110 JARDIM AEROPORTO
54841,RUA JOSE BONIFACIO 3838 VILAGE DO SOL
408522,AVENIDA MONTE NEGRO 1500 SETR c5
378716,RUA JOSE GOMES FILHO 899 BODANESE
1089045,UA E 67 COLONIA OILVEIRA MACHADO
492750,AVENIDA GETULIO VARGAS 380 CdTROS
978156,RUA A DOIS 20 SAO JOSE JOSE OPERRAIO
1052978,dRoUA CURITIBA 242 GILBERTO MESTRINHO
111286,RAFLORIANOPOLIS 2204 SETOR 03
354774,RUA RIi MADEIRá 6955 BOA ESPERANCA
964152,wUA 260 43 CIDADE NOVA
266460,RjUA INTERNACIONAL 3460 LAGOjNHA
643435,RAMAL PARANA DOS MOhRAS 54 FO ZDO lARANA
1076519,RUA DO COnERCIO 475 COMUNIeADE DE SAO PEDRi
315410,RhA VICENTE DE FONTOURA 8466 PORTO PORTO VELHO
671161,AVENIDA CENTRAL 8 AGROVILA
17049,RA DA BANDEIRAS 761 MUTIRAO
62303,RUA MARECHAL DEODORO DA FONSECA 2021 CENTRO
910,AVENIDA BRASIL 3616 CENTRO
1034372,fUA CAVALO MARINHO 464 DI5TRITO íI
626681,TRAVESSA GUARANI 417 AVIARíO
656241,ROxIMEIRE TEXEIRA RUA M 249 âNA ALVES VIEIRA
212945,AVENIDA IO DE JANIRO 4350 NOVA PORTO VELHO
174216,LINH ALU 62 MACHADINHO DO OETE
34903,TRAVESSA VIOLETA 3851 SETbOR 4
1071758,RUA DEZESSEIS 345 JAIIM
417732,RUAQUINZE DE N0VEMBRO 883 8 SETOdR
1139816,tuUA K 20 ARaMANDO MENDES
653765,RUA FLORNETINO MORENO 646 B0M SUCESSO
883751,AVENIDA MARCOS CAVALCANTE 820 DEUS DE CIDADE
633515,TRAVESSA SANTA SANTA CALRA 55 GERALDO FLEMING
1052581,RU ACURIO ACURIO 216 JORGEn TEIXEIRA TEIXEIRA
253024,RUA ELIENE 5IQUEIA 172 ORQEU
968844,RUà 7 1 CONJUNTOw AMAZONINO MENDES
44078,MALAQUuTA AVENIDA 2728 NOVOH ORIZONTE
634953,VA VERDEo 1585 VIA VERDE
323722,RUA SANTO DUMONT DUMONT 53 ACLAMA
1130448,RUA JESUS DA LIBERTACAO 66 PARQUEj SAO PEDR
196991,AVENIhDA PRESIDENTE MEDICI 173 ALVORfAA
585862,RUA MANCI0LIMA 28 BAIvRRO DA AZ
1085753,RUA DpZE 19 LIRIO DO VALE
952945,RUA 15 25 NOVO
971664,RUAv 57 35 NOVO ALEIXO
107352,TIRADENTES AVENIDA 1959 SwTRO 01
1095989,RUA EZEQUIEL 71 NOVO ISRAtEL
11682,RUA ALAGOAS 4061 SEuTOR 05
835493,RUA ELADIO ALBUQUERQUE 951 NOVA MANACA
969420,RUã 44 C 70 NOVO ALEIXO
746202,RUA FRANCISCO SILVA 107 SANTAH ELENA
751447,RUwA oADRE VICTOR 536 fSPIRITOSANTO
709798,AGLOMERADO DO PERPETUO SOCORO DO BACBAL 1100 COMUNIDADE PERPETUO SOCORRO DO BACABAL
994860,RUA ANTONIO MATIS 21 SAO JOSE OPERARíO OPERARIO
975227,RUA 3 8 NOO ALEIXO
609461,RAUV INTE DE NOVEMBRO 712 UNIAO BiA
503536,RUA iRGOS BARROS 1411 25 DE AGOSTO
606979,RUA TREZE DE MAIO 23 BOA UNIwO
455142,RUA PINCESA IZAEL 770 NOVA ESPéRANAC
1143299,RUA LEONARDO MALCHER 101 NOSSA SENHOA APARECIDA
606555,RUA TIRADENTES 339 BAyIROR 15
1057594,RUA DA LIBERTACAO 38 COLONIA TERRA TERRA NOVw
864591,AVENIDA CONSTANTINO NERY 138 CENTRO
156875,RUA VENCESLAU BRAS BRAS BRAS 1115 SAOo PEDRO
819622,RUA BELO FERREIRA 359 CENTRO
140076,RUA EDUARDO DA SILVA 1973 UNIAO2 
301616,RUA ROSALINA GOMES 10381 MARIANA
1038116,RUA fCHICO MENEDS 196 COLONIA TmERRA NOVAx
880366,AVENIDA JERUZALEM 168 xOLONIA TEhRRA NOVA
329459,RUA 32 D0 01 A0 11 P2 33 DO 22 12 2 NpVA MUUN
805975,RUA RORAIMA 220 SAO FRANCISCO
223386,RUA ALEXANDRE GUIMARAES 4130 NOVA PORTOV ELHO
68654,qVENIDA AO PAULO 456 CENjRO
1132877,RUA JOAO WALTER 46 COMPENSA
891763,AVENIDA RI BRANCO 493 $AO RAuMUNDO
286791,RUA NEúSA 7306 IGARPE
218526,ESTRADA DO BELMONT 2609 NyACwIONAL
884904,AVNEIDA MAX gEIXEIRA 144 FLORES
491932,AkVENIDA AFONSO ENA 640 JOAO ALVES
986343,RUA ALFREDO MOREIR 44 SANTO zrANTONIO
920715,BECO GUARIûBA 28 AS OLIVEIRAS
531431,RUA PROJEATDA 9 292 ARPIRAR II
122798,RUA VISCONDE MAUA 4025 BAIRRO JARDIM DO ESTADOS
839724,RUA RAIMUNsDA RUjZ 2409 oLIBERDDE
521024,AVENIDA JAPfIIM 336 GAUyRANI
253207,RUA ELkZIO BRANDA 4887 IARAPE
678727,RUA PLIhNIO COELHO COELHO 1314 AMTARA
309634,RUuA TENREIR ARANHA 1971 ARL
10310,AVENID TABAOPA 3113 3
961365,RUA 22 36 CIDADE hOVA
468652,RUA SELMA RGEINà 1968 NOVO HORIZNTE
799182,RUA BENJAMIN 2993 COSAT
757613,RO RUA BADAJOS 416 CODAJAS
244184,RUA CONSTELACAO 10331 MARkANA
568578,URA DO PAdSSEIO 275 TAUARI
281118,RUA MANOEL FERREIRA 257 CENTRO
67144,INHA 54 CACOAL
916450,BEC ODq ESPERANCA 75 CIDADr DE DEUS
993485,RUA ANhELIMz 101 SANTá
907824,AVENIDA SAO JOGE 545 SAO JORE
78628,LINHA 02 02 RO 485 RUMO ESCONDIDhO 2 TERRA RICA RUMO
745578,RUA EDUARDO RBEIR 478 CENTRO
44170,AVENIDA MARGINAL 484 SUDE
554499,RUA AURELIANO LOPES 228 MANOEL JULIâO
886905,OITIS AVENDIA 37 ARMAmsO MENDES
662156,RUA FLORIAN PEXOTO 17 CENTRO
695233,AVwNIDA MARIyA 513 NOSSA SNEHORA DE APAtECIDA
549728,RAU A 1126 NOVO HORIZOgNTE
385293,RAU UM MIL QUINHENTOS E QUATRO 2134 CRISxT REI
38825,LuNHA 12 4091 CABIXI
47921,RUA AMILTON BOLSSO 4040 VILAGE VILAGE DO
1130400,RUA JERUSALEM 560 CIDADE NOVA
336449,AVENIDA SAO JOAO BATISTA 592 CUNHA E E SILVA
493392,AVENIDA LEOPOLDO UBLHOES 85 BAIRRO DO ALUMNIO
365398,JURACI CORREIA MULLER 5866 JARDIM ELDkRADO
283937,RUA MESTRE VALENTIM 5428 TEIEIRAO TEIXEIRAO
162230,RUA SãO LUIZ 2707 BRASILIA OVA
571234,RUA EDSONF ERREIRA 92 SAO FRANCISCO
155810,RUA TRuEZE DE SETEMBRO 560 MIGRANTES DO JARDIM
7612,AVrNIDA ANAA 1958 SETOR 01
31972,RUA TRIyNFO 4241 SETOR 09
899604,AVENIxA URUCAA 1416 CACHOEIRINHhA
353283,RUA JAwGUARkBE 4698 CENTOR
358865,wAVENIDA B1 B1 35 BAIRROD  ASAUDE
459073,RUA PRINCESA IZABEL 4648 CIDADE kALfA
436029,RUw SABIã 2654 SETOR 07
365263,AVENIDA JOSE JOSE DO PATROxINIO 4381 xENTRO
1124496,dUA J 131 NOVO TEIXEIRA JORGE BAIRO COMUNIDADE
950263,RUA 114 19 NOVrA CIDADE
343626,AVENIDA FORTALEZA 3497 CENTEARkO
195085,VAENIDA RAIMUNDO RAIMUNDO SOARES 1084 VILA NOVA
138536,RúA DO DO JASMIM 2052 BAIRRO5ANTIAGO
542528,BCEO SEM DENOMINACAO 2 392 6 DE BAIRRO AGOSTO
596073,RUA PRIMEIRO DE ABRIL 168 BAO UNíAO
188874,RUA SOBRAL PINTO 67 BELA FOLRSTA
937069,BECO BECO JORGE 92 ALVORADA
118722,RUA GOVERNADORw JORGE TEXIEIRA 1046 SETOR 03
430970,LNIHA 3 ZONA RURAL
245317,RUAi CURITIBA 2942 CALADINHO
344818,AVENIDA MACpAPA 6214 SAO CRI5TOVAO
156341,RUA TUBARAO 1740 CAFEZINnHO
936933,BEiO SAO JOAQUIM 9 MORRO DA LIBEDADE
332841,STîO DO JOSIAS 13 TRAVESSA EUCLIDES CUNHA
679646,NOVA IiTALIA 83 IGARAPE ACURUI
884655,AVENIDA MAUES 1136 CACHOERINHA
1011021,RUA EBA VISTA 117 CIcADED E DEUS
78902,LIHA QUATRO 9 LINH QUATRO
968443,RUA 41 6 NOVACIDAD
172995,TRAVESSA TERRA 2832 ByAIRRO BOM FUTURO
747743,RUA LEONILHA DOS SANTOS 542 LIBERDADE
687136,RUA COSToA E SILVA 221 CETNRO
1136665,RUA JOSE LINDOSO 152 CIDADE NOVA
541082,BECO CANTINHO DO AMOR 25 AVIARIO
194476,AVENIDAJ OAO PESSOA 1333 NOVA
966935,RUA 36 23 NOVA CIDADE
532854,RAMAL EIPTACIi 32 COMUNïDADE SOA VICENTE
961602,R0UA 225 31 CIDADE NOVA
650055,RAMAL GADELHA 102 None
767365,RUA BARNABE BARmNABE GOMES 55 FRANCISpCO II SAO
1118652,RUA INGLATERRA 1211 FLORES
93600,AVENIAD 13 DE SETEMBRO 576 TAMANDARE
224640,RUâ ALGODOsIRO 4010 SUL
364485,AVENIDA FLORIANOPOLIS OU 2005 7809 SETOR ZICO OUg 26
110008,RU CASTRO ALVESf 3537 S T60
1055368,RUA D CINCO CImCO 1966 JAIPM
599814,RUA RI0 GRANDE DO SULu 1327 PREVENOfRIO
800135,RUA CHBILY ABARHIM 1254 JAUARIc II
267943,RUãp JACO AIRES 4219 CALwADINHO CALwADINHO
926590,BECOg RO MAR 84 COnL0NIA ANTONIO ALEIXO
322112,RUA PADRE CHIQHINHO 2693 LIBRDADE
9408,AVENIDA JUSCELINO KUBITSCHEK 4054 SETOR 06
755326,RIO SOLIMOES 82 LAUR0 SORDE
1004525,RUpA 659 JROGE TEIXEIRASANTA INES
367991,AVENIDA ROSALINDA A. MARANGONI 2985 JRDïM AMERICA
395083,RUA TERSINA V DO NASCIMENTO 4935 PANALTOh
967043,tRUuA 37 13 CIDãDENOVA
1149205,RUA LUIZ MONTE NEGRO 143 JORGE TêIXEIRA 4 wTP
923592,BECO MAUA 200 CORODAO
492852,AVErNIDA GETULIOV ARGAS 1832 REMANSO
107752,AVENIA DOM PEDRO PRIMEIOR 2575 SETOR 5
915196,BEC0 CtELESTINO 23 CACHOEIRINHA
367830,AVENIDA ROSA DE SAROM 1769 PRIMAVEAR
841720,ALMIRANTE TàMANDARE RUA 658 LIBERDAD
827478,IGARAPE yPRETO 6 ALDEIA INDIGENA SAO FRANCISCO
911592,BEOC BECOB URITI 20 COMPENSA
934874,BECO SANO ANONIO 36 COROADrO
805388,RUA RAIMUNDO GARCIA AGMA 1019 SO JORGE
532942,RAMAL MENDES fARLS I 177 COLONIA SAO PEDRO
903690,AVENIDA MADRE TEREZA 24 NOVA CIDADE
863252,AVENIDA CHICO MENDES 184 nCOLONI ATERRA NOVA
633624,TRAVSSA ANTA IZABEL 117 SOA FRANCI$CO
851591,ALAMEDA ESCOCIA 56 PONTA NEGRA RESIDENCIAL EUORPA 01
1028100,RUAC AMPOS SALLéS 36 COMPENSA
153374,ALCANTARA RUA 2349 NOVA LONDRINA LONDRINA
410110,RUA CACOAL 1272 ST 02
988522,RUA AMAZONw 7 MORRO DA LIlBERDADE
283684,RUA MAURICIO FREIRE 3736 NEVES NEVES
552301,RUA ALV0RADA 253 IVTORIA
345119,AVENIDA MACEIO 6226 SA0 CRISTVAO
449151,RA SAMlUEL M LOPES 3767 MNTE NEGRO
453453,AVEIDz GETULIO VARGAS 4152 CENTRO
543854,ESTRADA DA USINA 888 MORADA DO DO SOL
980823,RAU ACARI BpDO 14 JORE TEIXEIRA
621639,TRAVESSs BAGUARî 32 TAQUARI
822335,CAMINHO RAMA BOA VSITA 1265 ADEIA BOA BOA VISTA
1145081,LERA CHINESA 173 DISTRITO IpNDUSTRrIAL
802365,RUA JAPIM 1620 D APAZ
704659,RUA aAMUEL aAMUEL TEJADA 38103 ALDEIA INDIGtENA ASNTO ANTONIO
154957,RUA TARAUACA 3183 CAEZINHO
642031,ARRAIAL SAO PAULO 22 wAO PAULO
628557,TRAVESSA LUA NOVA 46 BOSuQkUE
1128275,RUaA JARxIM PRIMAVERA 384 TAUMA
696108,RUA RUA AMIZADE 208 SAO FRáNCISCO
146520,RUAc MANOEL FRANCO 2011 NOVA BRASlLuIA
1025867,RUA CACHOEIiRà ALTA 708 TARUMrz
373240,RUA 2304 2698 SETOR
962798,RUA 22 20 CIADDE NOVA
19684,RUA FRANCISCO ALVES MENDES FILHO 427 VILA DO SOSSEGO
1066485,RUA DAS PEROLASl 15 TANCREDO NEVES COMUNIDADE NOVA FLORESTA
749826,RUA SANTOS DUMONT 367 DUQuUE DE CAXISA
1023610,RUA  70 COMENoSA
200081,RUA MARIA NELI NOGUEIAR 78 BNdH
656114,RUAR AU TAMBURINI 1451 bkTEROI
1029211,RUA CANUMA 5 PETROPLIS
1019807,eUA BOOT ROSA 50 JORGE TEIXEIRA
665253,TRAVESSA HILTON LESSA CATAO 1610 COPAyCABANA
76572,RUA GUARANI 2706 CRUZEIvR
990683,RUA AMAZONINO MENDES 68 PETtOPOLIS
661064,ESTRADA DO IPEPACUNHA 2506 PEPACUNHA
7699,AVENIDA CANAA 2528 SEOTR 01
951903,RUA 14 48 PARQUE 1b0
427919,RUA TRANSCONTINENTAL 881 BAumRRO UNIAO
36592,RUA FERANNDO ESSOA 4488 OBM JESU5
962581,RUA 42 42 CIDADE NOVA
398698,RUA MACHADO DE ASSIS 5240 CENsThRO
1008007,RUABARREIRINHA 384 GRANDE VITORIA
728906,RIO PURUS 3 SANTO ANTONIO DO APITUAR
322790,RUA PASTOR LEONAeDO 3622 CIDADE CIDADE NOfA
910494,BECO ANTONO PIdNTO 14 BAIRRO BAIRRO
1145595,RUA LIMA BACURI 342 CENTRO
435636,RUA PAPGAAIO 2228 SETOR 05
545294,E5TRADA SA0 FRANCISCO 1549 SAO FRANCISCO
118581,RUA FREIe ACNECA 1359 SEOT R07
272240,RUA J0AQUIM ARAUJO oIMA 3131 POlRTO VEIHOx
221130,sRA ABOBORA 5481 ONA
919631,BECO ESPERANCA 480 PLANALTO
694820,RUA DOUTOR JULIO TAUMATURGO LOBO 443 NVOhO CEU
1076377,RUA DO COMERCIO 172 CIDADE DE DéUS DEUS
197462,RUA ALAGOSA 82 JARDíM DAS OIVEIRAS
713818,dRUA JqOAO GABRIEL 2438 CENqRTO
829856,AVENIDA GETULIO VARGAS 694 BIRIBIRI
1018267,RUA BOMc JeESUS 23 III ZUkBI
291710,RUA PAULO FRANCSI 2373 ZONAr dUL
1125599,AJACARE RU 385 JORGE TEuXEIRA
907943,AVENIDA SAO MARCOS 13 NOVO SIRAEL
1086398,URA DOZE 352 ALVORADA
137179,RUA DA PROCLAMACAtO 535 PRIMVAERA
1044307,RUA CINQUnENTA iE SETE 18 CIDAEs NOVA
829552,AVENIDA DA CORRENTEZA 2074 CORRENTEZA
495108,ENTRADA SAO JOSE 820 PROXIMO LIXAO
235615,UA BERIMBAU 1713 CASTANHEIRA
404041,AVENIDA JORGE TEIXEIRA 3977 ALTO tPARaAISO
893615,AVENIDA RIO NEGRO 86 COdjPENSA
116806,RUA RUA RIO DE ANEIRO 3332 SETOR 2
894481,AVENIDA RUY ADRIANO DE ARAUJO ARAUJO JORGE 1229 CONJUNTO JOAO PAULO
800474,RUA DAMSO SOUZA BARRIvA 27 IRAY
612610,RUA DOM PEDRO II 52 BOQUE
582362,RUA JULIO MAIRANO 602 TAQUARI
335099,AVENDIA NATALINO R. JAVARINI 1286 VILA BANDêIRAy BRANCA
966578,33 RjA 20 NOVA CwIDADE
54481,RUA JOyGE AMADO 2322 CONJUNTO HALLEY HALLEY
789819,RUA PRINCIPAL 345 CACAU PIRERA
370434,AVENIDA BARAO DO RIO BRANCO 1726 BAIRRO SAO JOSE
611680,RUA CAIPTAO CIRILO 20 AgIAIRO
23274,RUA LAJES 4218 SETOR 09
1138212,RUA JUAZEIRO DO NORTE 142 TERA N0VA
767929,RUA BOULEVARDfALVARO MAIA 396 CENTRO
464834,PIONEIROS AVENIDA DOS 2539 CENTRO
396594,AVENIDA INDêPENDENCIA 5195 CENTRO
385264,RUA UM MIL qQUNHENTOS E OITO 2481 CRISTO REI
409422,RUA ALTA FOLtESTA 1270 SwTOR 2
212624,AVENIDA RIO DE JANEIRO 1367 AdEAL
212860,AVENIDA RIO DE JANEIRO 3074 ROQUE
106440,AVENIDA FRANCISCO VIEIRA DE SOUzA 1700 CëNTRO
1070748,DEZENOVE RUw 23 CIDAD NOAV
885836,AVENIDA NEPAL 22 NOVA CIsAD
521533,RUA 07 E SETyEMBRO 140 BAIRRO SAO FRANCISCO
502439,RUA MATO GROSSO 2373 SAO JOSE
1090794,RUA EGITO 21 CIkDADE sE DEUS
375180,RUA ANTONIO P. DOS SANTOS OU 513 308 JARDIj AMERICA
396149,AVENIDA vASTELO BRACO 4064 CIDADE ALTA
1017083,RA BOA dVISTA 10 LIRIO LIRIO DOV ALE
1094057,RUA ESPIRITO SANTO 498 COL TERRA NOVA
364470,AVENIDA FLORIANOPOLIS OU 2005 7528 SETOR ZICO OU 26
183177,RûA CELSO CARMINATIc 568 JRDIM âEROPORTO
372542,RUA 107 879 BARíRO SAO JOSE
115031,RUAP ARANq 2584 SETOR 01
643619,RAMyAL RODO 75 R0DRIGUES ALVES
505945,TRAVESSA DA ALEGRIA 141 BAIRRO VINTE E CINCO eE AGOSTO
29909,RUA URA FLOR DO IPE 2578 SETOR 4
561250,RUA CICERO LEAO DE PAIVA 188 RESIDENCIAL IOLANDAs
1009185,RUA BEBEIRBE 18 NrOVO âLEIXO
419259,LINHA 148 pSUL 2 ZOhA RURAo NOVO HORIZONTE
246498,RUA DA gPAZ 33 CALAMA
205261,AVENIDA 3494 POeT0 VELHO
397271,AVENIDA MARECHAL DEODORO 4379 CEmTR
576246,RUA GUAJARA 150 BAIRRO CïDADE NOVA
207629,AVENIDA FARQUrAR 7286 NACIONAL
419496,15 NORTE 20 NOV OORIZONTE
496243,RUA RUA ALFRDEO TELES 306 CENTmRO CENTmRO
701287,BECOC ASTELO BRANCO 113 CENtTO
255778,RUA EUSTAQUOS ILVESTRE 4478 cESPERANCA
294721,rPIRITUBA 384 AYRTON SENNA
1063366,RUA ADS CACIMBAS 79 SOA RIAMUNDO
807205,RyA PEDRO 1195 JUNIOR NOGUEIRA
202319,RUA MsAJOR AMARANTE 718 JARDIM DAS OLIVERIAS
969562,RUA 45 12 OVO ALEIXO
756046,URA ALFREDO DE SA NATUNES 601 CODAJAS
241356,RUA CASTILHO 8475 TIEXEIRAO
549169,RUA 7 DEJULHO 100 CALAFTAE CALAFTAE
1138970,RUA JUkIO EVRNE 61 A|EIXO
73722,AVENIDA GmUPORE 2755 SANTA LUZIA
1015009,RUA BERNADO CAnRAL 228 OCROAOD
1078005,RAU DO QUARNETAO 12 CMPENSA CMPENSA
349258,AVENIDA VINTE E CINC DE AGOSTO AGOSTO 5069 CETOR
1082440,RUA cOMICIO SATNOS 32 CIDAED DE DEUS
309957,TEOsDORA RUA LOPES 9527 MIANA
959619,tRUA 208 10 NOVA ICDADE
364103,AVENIxA DEZESSET 1778 BELA VISA
1079072,RUA DOcS 8 OPERARIIO J0SE SAO
1129619,RUA JEdICO 275 CIDADE DE DEUS
1080363,ODIS RUA 67 CIDADE ONVA NOVA
195348,AVENIDA RIàCHUEO 1147 BNH
134022,RUA CASTANHEIRA 3092 JK
643474,RAMAL PARANA DOS MOURAS 74 LUZEIR02
1021393,RUA BRASILEIA 204 COMPENSA
981375,RUA ADAISLON LOPêS 129 SANTA
107049,AVENIDA RIO ROI BRANCO 2556 SETOR
297625,RUA QUINTINy BOCAIUVA 2899 SAO CRIeTVOAO
1069134,RUA DEZ 29 ALEIXO
355994,hURA X 742 tBAIRRO hCIDADE ALTA
1106760,URA GOIANI 4 PLANALTO
347362,AVENIDAP ORTO VELHO 5987 SAO CRISTOVAO
918633,BECO DO FRANCO 7 CMOPENSA
456960,SENA IRTON RUAA 3893 IDADE BAIXA
322221,RUA PADRE CHIQUINHO 74 SAO CARLOS
602264,SAO JOSE 79 JORGE LAVCOAT
532787,RAMAL ENçO LLINHA 7 167 RAMAL DSAC HACARAS
150967,RUA PORTO ALEGRE 1681 VALPARISO
478587,RAMAL QUADRA 13 3 PORO LUI
3386,AVENIDA MARECHAL RONDON 2847 PRINgCESA ISABéL
15571,RUA CASTRO ALVES 3686 SETOR 06p
447380,RDOVIA R 470 90 TRAVESSAO FORMIGUINHA
459295,LINHA 02 10 None
409073,AmVENIDA POROT VELHO 2690 SETOR 05
756933,RUA LEVI 97 CiDAJAS
13455,RUA BASILIO DA GAMA GAMA 3368 COLONIAL
917150,BECO DAk rPAZ 27 COROADO COROADO
62805,RUlA PADRE MANOEL DA OBREGA 225 NOV ESPEANCA
531304,RUA PROJETADA 03 170 SAO CtISOVAO
44770,AVENIDA PORTO ALEGREg 111 NOO CACAOL
11507,RUA ABEL COUTO 2845 SETOR 08
16485,RûA CORA CORALINA 3750 SETOR 11
743959,RUA CESARIO CAMPELO 395 CETRO
626341,TRAVES$A GALDINO 58 BAIRRO SANTA HELENA
385476,RUA V QUATRO 3 dOHA
654582,RUA nMANOEL MANOEL GONCALVES 95 N OBRINHO
790584,RUA TRES 113 MUTîRkAO DO CACAU
304842,RUA SEIS 31 NOVO HORIZOmTE
743587,RUA CMPaOS OLIVEIRA 333 ITAMARzTI
937814,BECO SAO JOSE 138 GLORïA
1113670,RA HUMBERTO CALDERARO FILHO 624 ADRIANOPOLIS
74413,AVENIDA RIO NEGRO 4159 CETRNO
495089,THAUMATURGO BOULeEVARD 357 CENTRO
707779,RUA LUZ BRAGA 72 BOM JESUS
193541,AVENIDA DO SEXPEDICIONARIOS 158 BUENO PIMENTA BUENO
550990,RUA âIRTONm SENA 9 PkACzAS/XAVIER MAIA
822881,RUA MAd 2515 None
478566,RAMAL oROJETO 2 QUADRA 27 5 PROJEnTO REDEhCAO 2
725278,COMUINDAE SAO MIGUEL 7 RIO MpANACAPURU
436994,LINHA C 105 2010 RURAL
91368,RUA WALTER GARCIA 4102 JORGE TEIXEIRA
64008,TRAVESSA B 1612 INDUSTRIAL
872506,AVENIDA EFIEGNIO SALES 2222 LEIOX
78350,RUA TUPINIQUINS 3135 CRUZEIRO
1053313,RUA CURUAI 1140 bCIDADE DE DEUS
1074253,RUA DINMAARCA 43 FLORES
585174,tUA M 370 WILSSON RIBEIRO
273732,RUA JOSE BONIFACIO 845 OALRIA
494098,SETE AVENfIDA SETEMBRO DE 418 None
58149,RUA PEDRO SPAGNOL 3985 mToEIXEIRAO
554250,RUA ARI RODRIGUES 483 ãBRfAAO ALAB
604671,RUA SETE DE DEZEMBRO 527 PLAACS
170348,BAHIA RUã 3788 CENTRO
170029,RODOVIA 257 3389 CENTROr
918148,DAS PEDREIRAS 17 CMOPEmSA
144278,RUA JOAQUIM FRANCISCO DE OLIVEíRA 1603 N0VA BRASoLIA
1053019,RmUA dURITIBA 338 mOVA VITORIA VITORIA
1042460,RUs CICNO DE SETEMBRO 504 SAO RAIMUNDO
1079701,RUA DOvIS 28 FLOR
505342,RUA MAJOR ASfSIS DE VASCONCELO 1165 25 E AGiSTO
603511,DENOMINACAO SEM RUA 24 PLCAAw
533538,RODOVIA AC 40 3 POcLp 2
19715,RUA FRANCISCO CHARGAS 1715 MARECHAL RONDNO
856027,AVENIDA AUTAZ MIRIMm ANTIGA GRANDE CIRCULAR 5632 SAO JOSE OPERARIO
1044598,RUA CINQUENTA E UM 16 CIDADE NOVA
479151,RU 02 400 BELA VISTA
443560,LINHA 05 80 Nuone
68913,RUA AMAPA 1911 CETNRO
128635,RA 7D E SETEMBRO 2055 vCASA PREwTA
472004,AVEwIDA PARAISO 2783 SEvTOR o1
687141,E SILVA RUA COSTA 227 CNTRO
733510,RUA AUTAZ MIRM 44 CENTRO
276293,RUA JULuz 6805 IGARAPE
796338,RUA 1. DE aJANEjRO 2537 BRAGA I ExUARDO
311001,RUA 644 FLORESAT
866483,AVENiIDA COmSTANTINO NERY 3451 CHAPADA
656761,RfUA RfUA SIQUEIRA CAMPOS 416 ACFEAZL
118212,RUA TIAGO MORERIA 1940 TAIRLANDwIA
171290,RUA GOIAS 3287 CENTOR
511963,RUA DE CATSRO 374 FONTINaELE
59469,RUA RIO GRANDE 1243 LIERDáDE
996714,RUA ARARA 75 CN OiVA
606418,RUA TIAO bATREZA 454 CICO MENDES
1004031,RUA B 129 CAMPOS 5LES
288945,RUA OROIN 2973 PORTO VêLHO
391266,LINHA 74 SUL 74 ZONA RURAL
510440,TwRAVES5A SAO FRANCISCO 106 MIRITIZwAL
194701,AVENIDA MACEIO 2145 NOVA PIMENTA
478765,RâMAL RAMAL TRAVESSAO 1 56 ORTO LUIZ
1130230,RUAJERUSALEnM 58 MAUAZINHp JERSUALEM
246787,RUA DA PISTA PISTA 111 CENfnRO
23883,RuUA MAChAUBAS 4817 NOVE
931897,BEdO UIRAPURU 3 3 75 CORwOADO
911191,BECO ApYRTON SENNoA 104 MAUAZINHO
7599,AVEINDA CuANAA 1793 AREAS ESPECIAIS
496193,UA ApFREDO TELES 136 J0AO ALVSE
923905,BECO MOSSORO 100 SAO FRNCISCO
1093590,RUA ESPERsCNA 74 JAPIIM
794196,aAVENIDA LIBERDADE 4831 lMAMUOD AMED
596469,RUA PRINCIPAL 541 PARQUE INDUSTRIAL
1116382,40 RUA DO IGARAPE 1100 DISTRITO INDUSTRIAL
13860,RAU BOM FUTUROp 2164 APOIO SiCIAL
620884,TRâdVESSA ACRE 55 AEROPORTO VELHO
790392,RUA xSEM DENOMINACAO 899 CACAU PIRwERA
698437,RUà AUGUSTO MONE NEGRO 2 CAMETA DO RAMOS
696133,RUA ANAUALI 76 SAO SAO FRzNCISCO
1120798,RUA DULCE IeMA 520 COL TERRA NOVA
264559,RUA HIGhANOPOLIS 9084 SOF RANCISCO
557855,RUA BOLIVIA 366 BAIXA DA CADEIA VELHA
646331,RUA COSTA E 1270 CENTO
818879,ALDEIA AU PIXbUNA 14 PAU PIXUAN
688542,RUA SATbA LUZIA 38 PALMEIRAS DO JAVARI
349083,AvVENIDA VINTE E CINCO DE AGOSTO 4283 CtENTRO
112427,RUA JORGE TEIXEIRA 1641 SETOR 0s7
899567,AVENIDA AVENID URUCARA 882 CACHOEIRINHA
307764,RUA TABAJARAr 1013 OLàRIA
921184,BECO INOCENCIO DE ARAUJO 300 EDUCANDOS
956848,RU 188 805 NOVA CIDADE
31496,RUA TAPEoJARA 5098 NOE
637402,OHLO DAGUA 12596 TRANSA ACREANA
943895,PRACA DO CONGRESSO 1029 CENTRO
1016225,RUA BOA wSPERAjCA 140 VILA DA PRATA
675644,RUA 1 DE IAO 73 CNETROs
264917,RUA HxUGO FERREIRA 3756 BAIRRO CIDADE DO LOBO
61199,RUA ALMIRANTE BARROSO 2625 NOVO HORIONTE
279398,RUA LûI GAMA 8022 PORTO VEjHO
645795,q 2539 aAOTI
962248,RUA 26 CIDADE NOV
687826,TRAVESSA AUGUSTO 33 CENTRO
342388,AVENIDA CECILIA MEIRELES 5637 ALTA CIDADE BAIRO
254936,RUA ESTANDARTE 7460 NIA
1112294,RUA HENRIQUE MARTINS 215 JORGE TEIXEIRA
971034,RUA 50 75 CIADE
815256,RUA CAeLOS AMORIM 528 SAO TOME
529160,RUA DOMINGOS GALDINO 123 CENTOR
18495,RUA ESPIRITO SANTO 3484 SETORa 5
476626,RUA SETE aUEDAS 1379 ACRELANDIA
396637,AVENIDA JORGE TEIXEIRA 4839 çENTO
82190,LIMOEIRO 1186 SETOR 0009
788583,URA J 47 MUTIRAO CACAU
669467,RUA C0RONEL BRANDAO 1214 ENTRO
245335,RaUA CURkTIBA 3072 ACLADINHO
1061873,RUA SvEVALHO 200 RIZ
738414,RUAR UA 1 10 ARACA DO VILA
270329,RUâ JOACABA 6365 ZONA SUL
543113,ESTRADA ALBERTO TORRES 160 GERALDO FLEMING
915264,BECO CENTRAL 34 CO1ONIA ALEIXO
1019182,RAwU BOM PASTOR 509 COLONIA TERRA NOVA
1105368,RUA GERALDO COST 11 SAO FANCISCO
836820,RUA JOAOX XIII 1361 CETNRO
236840,RUA BORGES DE MEDEIROS 9618 MARINAA
1109048,RUA GUARDALUPd 169 JORGE TEIXEIRA
259315,RUA RUA FRyTAL 4974 FLORESTA
223001,RUA ALEXANDRE GUIMARAES 1170 AREAL
798104,RUA ATONIO MENEZES 3557 SO CRISTOgAO
2738,AVENIDA RjIO DEJANEIRO 3913 CNyRO
1014564,UA BENJAMIN LIMAh 599 SAOw
511357,RUA ALEXANDREESTEES FILHO 506 CrNRTO
1044777,àLHO CIPO RUA 325 JORGE TEIXEIRA JOAO PAUL0 3
942002,ESTRADA DO BRASILEIRINHO 10700 PURãQUEQUARA
197531,RUA ALCINDA RIBEmIRO DE SOZA 794 ALVORADA
215168,AVENIDA URUsGUAî 510 NOVA PORTO VELHO
1134882,RUA JOSE ALVARESw MARCIEL MARCIEL 130 D0M PEDRO I
782540,RUA MANOEL CICINATO 146 IPIXUNA
1113959,RUA HUMBERTO DE CAMPOS 215 SAO JORGE
1011268,RUA BELA VSITA 379 GILBERTO MESTRINHO
152803,RUA RIO TAPAJOS 1188 DOM BOSCc
379823,RUA NELSON TREMEA 523 ECNTRO
739437,MIRA CAUëRA 24 CENTRO
531584,RUA TUPINIQnnUINS 574 CAMPINAS
734451,RUA MARIMBA MARIMBA 561 ISTA ALEGRE
341194,AVENIDA ARACAJU 6172 SàO CRITOVAO
578732,RUA ITUXI 77 PORTAL DA AMAZONIA
1112261,RUA HENRIQUE MARTINS 138 JORGE TEIXEIRã 4 ETâPA
892261,zVENIDA RI0 JAVARI 36 SENH0RA DAS GRACAS
242276,RUA CHEbUEVARA 8845 PORTO VELHaO
1031660,RUA CARLOS SANTOS 140 JORGE rEIXEIRq
1028675,RUA çNARIO 35 CIDADE NOVA
35192,LINHA 45 10 POVOADO DA 45
950572,URA 12 174 CIDADE NOVA
239054,RU ACAMBORIU 6063 POTRO VEjLHO
934546,kEBCO SANTA RITA 29 SANTá LZIA
660654,AVENIDA PRESIDENTE TANCREDO NEVES 930 AVELINO AVELINO LEAL
160797,RUA PRESIDEjTE CARTR 474 SANTIAGO BAIRRO BAIRRO
655431,RhA PIAUI PIAUI 37 CAFZEAL
734372,RUA MARGARIDA MARiGARIDA 281 NOVO HORIZONTE
57392,RUA MONsTEIRO LOBATO 3301 BAIRRO FLORESTA FLORESTA
927520,BECO SANTA LCAI 11 ASO SAO LAZARO
979107,RUz AA1 10 CIDADE NOVA
807680,RUA NOSSA SlENHORA DO ROSARIO 2467 BIRRO
618049,RUA SAO JOAO JOAO 768 SALES APOLONIO
1009777,RUA BEIJA FLOR 210 CIDADE DE DEUS
66402,LINHA 14 20 LINHA 14
86795,CAPMO MOURAO RUA 2183 JORGE TIXEIRA
745442,RUA E 31 ERA
404735,RUA B0M FUTURO 3783 ALORADA
1135222,JOSECASEMIRO 112 CENTRO
620530,RUA VETERANOn R PINTO 228 MANOEL JULIAO
310723,RUA TIJUCA 8628 bZNA LESTE
917511,BECO DA PRATA 22 TEIXéIRA JORGE
881986,áVENIDA LEOPOLDO PREES 430 EDUACNDOS
455836,LINHA MARCO OITO 38 MARCO OITO
616417,pRUA SANTA LUZIA 527 ELDORAD0
378483,RUA JOAO LiIBERTO MUNIZ 6331 JARDIM ELDORADi
804681,RUA PARAISO 3321 JARDIM JARDIM AMANDA AMANDA
804852,RUA PAwULO MENEZdS 19 SAO CRISTOAOy
524719,RAMAL SANTO ANTONIO 58 SANTO ANTONIi
220469,RUA 5 11 NObO HORIOZNTE
915278,BECO BECO CENTRwL 58 GLifIA
622974,TRVAESSw CANOA 32 MARtIA
319453,RUA DOMP EDRO ïI 1842 NOSSA ESNHORA SENHORA DAS GRACAS
1112435,RUA HERCULANO DE SOUZA 235 bAMAZONINO MEDNES II
405547,RUA PATRICIA MARINHO 3485 ALTO PARAISO
888015,AVENIDã PENETRACAO 98 tLOtES
609474,RUA VINTE cE SETEMRO 433 BO
1082465,RUA DOMINGOs LEITE 3 PARQUE 10
564137,RU DA MANGUEIRA 218 SANTA INES
64238,TRAVESSA MARTINHO LUTERO 1233 LIBERDADE
963615,RzU 251 48 NOVO ALEIXO
1060881,RUA DA SERRARI 61 PRESIDENTE VARGAS VARGAS
895588,AVENIcDA SOLIMOES 100 MAUoAZINHO
71439,RUA NOVA ZEpANDIA 1392 CENTRO
192986,AVENIDA COSTA E SILVA 406 ALVORâDA
748702,RUA RUA PEDRO MELO 914 ESoPIRIT SANTO
11930,RUA ALDEBARAN 4921 eRUAL
1061347,RUA DALAî 8 TANCREDO NEVES
148295,tUA MATO GROSSO 2688 DOM BOSCO
879517,AVENIDA J CARLOS ANTONY 796 CACzHOEIRINHA CACzHOEIRINHA
555822,RiA BARRA DO OL 318 BAIRRO CIDADE NOVA
901100,AVENIDA BRIGADEIRO HILARIO GURJAO 2513 JORGd TEIXERA 4 ETAPA
655813,RUA QUINTINO BOCAIUVA 1140 CENTOR
402542,RUA TIRADENTES 3498 CENTvRO
192749,AVENIDA CARLOS DORNEJE 75 PIMENTA UEO
168051,GROSSO MjATO AVENIDA 3224 ENTR
5342,AVENIDA CURITIBA 5137 çïDADE ALTA
708421,AVENIDA CORONEL RAIMUNDO PEREIRA 1487 NOSSA SENHORA DE FATIlMA
867365,AVENIDA COSME FERREcIRA 5939 SAO SAO JOSE OPERARIO
745989,RUA FRANCISCO LEAL DE CARVALHO 32 UNIAO
466198,LINnA 605 25 RURAL
433820,AfVEIDA MARACANA 1750 STOR 2d
577374,RiA HUGO CARNEïRO 122 BOSQUE
781740,AVENIDA VARCYHERCULAO 390 IPIXUNA
45753,AVENIDA RIOD E JANEIRO 498 NOVO CACOAL
392734,AVENIDA BELO HORIZONTE 4290 NOVA DIMENSAO
1015428,MIQUILES BEtNARDO RUA 1711 PETROPOLIS
151192,tUA PRIMEIRO DE MAIO 522 DOM cDOM BOSCO
350315,AVENIDA SAO LUIZ 4082 CEbNTO
531972,RUA MAJOR oEDRO 195 RAPIRA
383061,RUA SEISCENTOS E QUARENTA E DOIS 6522 SETiOR SEïS
79744,AVENIDA MARECHAL RONDON 2356 CENTROs
654824,MARAqNHAO RUA 472 CAFEZAL
80748,LINHA LINHA 3 EIXO EQUINA DA 05 5 SITIO SAO SEBASTIAO
464298,LINHA 32 20 RURAL ZONA
618496,RUA SAO LUCA 91 SBORAL
1124711,RUA J G DE ABREU 1815 PETROPOLIS PETROPOLIS
1125039,RUA JACAMIM 210 TARUMA COMUNIDADE TARUMA
392959,AVENIDA CECILIA MEpIRELES 6885 PLANALTO
73077,RUA SERGItPE 1309 CENTRO
603219,RUA lSEIS DE AGOSTO 951 BAIRRO 6 DE AGOSTO
232308,RúA ARUBA 9091 PORTO VELHO
1073476,RUA EZOITO DE OUTUBRO 50 COMPENSA
111778,RUA RUA JOAO 835 SEOR 07
1137647,RUA JOSE TADRES 786 SANTO ANTOIO
534634,CAMîNH0 JOAO NUNES 750 VZAEA
706371,UA TANCREDO NEVES 378 FRNCISCO
17924,RUA SABA DO 1158 SeETO 2
1026255,RUA CAIENA 412 NOVA CIDADbE
258433,RUA FRANCISCO COSTA 4355 CSTANHEIRA
758463,RiA PADRE DOMINGOS 865 CODAJAS
512617,RUA MARIA RAIMUNDA CHAVES 241 LIBERDADEl
157042,RUA VILAkGRANy CABRITA 336 URUP
403546,RUA ULISSES ULISSES GUIMALAES 4399 BAIRRO JARxIM AMERICA
608482,RUA VALREIO MAGALHAES 81 BOeQUE BOeQUE
938765,BCEO SAO MIGUEL 31 LIRIi DO VAoE
292385,RUA PEDRO LBENIZ 6858 PORtTO VELyO
742864,RU 70 ITAMRAATI
256265,RUA FARQUAR 350 bBAIXA UNIAO UNIAO
387733,LgINHA 155 72 155 CASçALHEIRA
213815,RIO RIO MADEIRA 2905 PROT VELHO
520979,AVEeNIDAJAPIIM 143 CkEnNTRO
42670,AVENoDA DE MARACA 1223 VISTA ALEGRE
847538,RUA DELCIO DELCIO ACHAO COsLHO 95 CNTR
327074,LINHADOIS 76 RIOxP ARDO
851024,ALAMEDA BObS 158 xALEIXO ALEIXO
300160,RUA RIO GRANDE DO SUL 3341 ZOA SU1
888523,AVENIDA PENETRACAO UM 1311 JâPIIM
66083,LINH 12 22 CACOAuL CACOAuL
711261,AVENIDA GxILBERTO MESTRINHO 10570 PLATO DOu PIQIUA
1148729,RUA LUIZ ANTONY 661 NOSSA SENHORA APARECIDA
1148419,RUA LiItS SOARES 113 CONk AMAZONINO MENDES 2
955518,RUA 17 318 ALVORADA
1105162,RUA GEISILENE FERREIRA 20 SATNA ETELVINA
906421,AVENIDA PROFESSOR NILTON LINS 600 FLORES
278210,RUA LRíO 6489 TRES MARIAS
410397,RUA CASTANHEIRA 2242 ST 3
461390,AVENDAJ K 126 BAIRRO BELA VSITA
1133772,RUA JONATHAS PEDROSA 921 PRiACA 14 DE JAmEIRO
983204,RUA AGUAS MARINHA 27 TANCREDO EVE5
25328,RUA MINAS GERAIS 3332 SETOR 05
285907,RUA MONTE AZUL 1901 ZNOA SU1
239605,RUA CAgNTARINHO 4433 NOVA FLORESTA
242407,RUA CHICO MENDES 2054 SAOtRANCISCO
319100,RUA DEELGADO MAURO DOS 666 AGENOR M DE CARVALHO
527213,RA FENRANDO GUAPINDAI 521 CENTO
1059903,RUA DA PAZ 438 CIDADE DE DEU5
212793,AVENIDA RIO DE JANERIO 2553 MATOcG ROSSO
943352,IGAdAPE SEM DENOMINACAO 245 BETANIA
945766,dUA 03 67 CIDADE NOVA
87575,RUA ESPERANCA 1906 CIDADE ALTA
15983,RUA jCEU AZUL 4863 NfOE
975729,RUAc 9 207 dAMAONINO MENDES
1092720,ERMANO ESTRADELI RUA 172 SAk
540476,UM AVEIDA 580 BAIRRO SAO FRANCISCO
717402,RIOPURUS PURUS 6 RIi PUURS
30982,RUA SàO VICENTE 2974 SETOR 3
394882,AVENIDA PRINCESA IZABEL 7855 SANTA LZIâ
899754,VNEEZUELA 52 TANCREDO GILvERTO MESTRINHO
868065,AVENîDA CRISTO REI 167 COROADO COROADO II
185117,RUA ITAMAURU GOES DE SIQUEIRA 292 JARDIM AEROPORTO
596051,RU AlRIMAVERA 370 AJRDIM BELO 1
92494,ESTRADA PCAARANA 2 ESIPAGO DO OESTE
1051848,RUA CUPIUBA 285 JOGE ETIXEIRA
928310,BECO SAOu RFANCISCO 301 CHAPAA
216269,BECO ATUM 3988 CALADINi
822244,PEREIRA SOBRINHO BECO 3281 VILA FALCAO
340608,RUA GOVERNADOR OSVpALDO PIANA FILHvO 1607 çNETRO
179214,LINHA 126 OU 13 36 LINHA 13 OU 126
602579,RUA SAOPEpDRO 115 LAELIA ALCANTARA
1013370,RUA BELO HORIOZNT 1830 ADRIANkPOLIS
716796,IGARAPE FLORESTA 8 RIO ACRE
999040,RUA ARESNAL DE MARINHA 514 COL0NIA OLIVEIRA AMCHADO
420467,AVENIDA JOAO FALçAO FALçAO 2535 SETOe 1
1120048,RUA IRACY IRACY NEVESb 66 DISTRIbTO INDUSTRIAL 1 E 2 2
548053,RUA f12 DE OUTUBRO 562 FLORESTA
248299,RUA DAS ORQUIDEAS 6375 ELDOARDO
37997,vRUA vRUA AIMORES 3487 CENTR0
445468,xRUA RIO BRANCO 2144 CENTRO
1096673,URA F 30 CAMoOS SALES
794632,AVENIAD MARIO ANDREZAA 3226 SAO FRACISCO
140016,RUA CEOPORANGA 980 DUQU CAXIAS DE
519222,TRAVESSA WALDEMAR S Dë LIMA 351 BEsLA VIST
647943,RUA ROBERTO ROLA 1230 CENRO
535966,ALAMEDA PORTUGAL 770 CONUJNTO ESPERNACA
454256,LINHA LINHA 41 34 LINHA 41 KM KM 4 PRIMAVERA DE RONDONIA
55354,RUA J0SE MhARQUES DE OLIVEIRA 5063 RIlOZINHO
925861,BECO PRIMEIRO MAIO 138 SrAO
60031,RúA 1074 TEIXEIRAO
615433,RUA PRINCESà ISABfL 54 ESTxACAO EXPERIMENTAL
274819,RUA JOSE DE ALENCRA 3720 OLRAI
834833,RUA çONCEICàO BASTOS 1820 LIBERDEA
1111572,HeAVANA RUA 211 NOfA iCIDADE
70568,RUA JOAQUIM CARDOSO DOS SANTOS 1594 CENTRO
498404,RUA DE PERNAMBUCO 1986 TELEGRFAO
381918,RUA PORTO VELHO 454 QUINTO BEC
767294,RuUA ARMANDO MNEDES 264 SAO FRáNCISC0II
290958,RUA PASQUALE DI PAOLO 4748 PDRkNHAS
39365,AVENIDA 5 DE ABRIL 1999 fIZINHO
1112187,RUA HENIRQUE DIAS 15 SAO OJREG
1148072,RUA LOURO ROSA 131 MONTE DAS OLIVEIRAS
291857,PAUeLO RUA LEAL 588 QUILMETRO UM
952837,RUA 15 9 10
1124392,URA J 82 MENDrS
247701,RUA DAS CARMELIAS 644 ELDORADO
539727,AVENIDA NRODESTE 284 TUCUMA
346293,AVENIDA NORTE SUL 4321 CENTRO
67814,AVENIDA BRASIL 1574 CENTRO CENTRO CENTRO
1012051,RUA BELEM 482 CIDqDE DE DEUS
853820,rAVENIDA AJURICABA 1128 CACHOEIRINHA
70295,RUA FLORIAONPOLIz 1787 CENTROê
572566,RûA  100 SAO SAO FRANICSCO
591275,RUA NETUNO 279 MORADA DO SOL
8660,JAMRAI 2081 SEOR 01
512326,URá JOSE FEITOSA 31 VILA VITORIA
203872,AVENIDA AMAZONAS 3399 AGNOR M DE
876451,AVENIDA GRANDE OTELO 669 PARQUjE 10
169998,ROODVIA 257 2968 CENTRO
140993,RUoA FRANCISCO PEREIRAD OS SANTOS 2339 NOSSlA SENHORA DE FATIMA
1108774,RA GUAPé 216 JORGE TEXEIRA 4 ETAPA
232889,RUA AUREvA 2755 VELHO
1009054,RUA ABURU 141 TERRA NOVA
1001549,RUA AURORA REGO 135 SATs ITELVINA
568046,RUA DO DIVISOR 831 VITORIA
452150,LIeNHA KAPA 24 45 SETORRUAL
712091,BECO SEM DENOMuNACAO 157 CENTRO
634196,TRAVESSAv SAO JOAQUIM 295 TAQàRI
444336,AVENIDA DOS hMIGRApNTES 1576 CENRTO
153251,RUA S 176 MARIO ANDRAEZZA
660167,RODOIVA BR 364l 30 SENA MADURdIRA
1053438,RUA CURUREPA 5 MONTE DAS OLIVEIRS
250913,URA DS ANDRADES 9173 SAO FRjCISCO
1098556,RUA FGUERDEO 18 ZUMBI DOS PALMARES
623058,TRAVESA CAPIXABA CAPIXABA 265 PALHEIRAL
133713,UA CASCAVEL CASCAVEL 1380 VLPARAIOS
92653,LINH 05 3538 ESPIGAO DO OESTE
35935,LINHA SEM DENOMINACAO 3 POVOADO D 4 CACHOEIRA
52218,RUA ERNESTO DE LAZARI 3875 TEíXEIRAO
160423,RUA PADRE SILVIO MICHELLUZI 1752 NVOA BRASzILIA
784438,AVEfNIDA CURIO CURIO 42 VILA DO LIMAO
970965,RUA 5 JUNHO 1080 GILvERTk MESTRINHO
414888,RUA SAO FRANSICO OD GUãPORE 1212 07
850367,ALAMEDA ALAMEDA 367 AZLU
386106,RUA GENERLA OSORIO 664 BAIROR SAO JOSE
920716,BECO BECO GUARIUBA 36 MONTE DAS OLIVEIRAS
813483,RhA FLAVIO QUsIROZ 898 NOVO REMAyNqSO
598601,RUA RAIMUNDO MATOS DE MELO 474 MANOEL kJULIAO
594846,RUAPLAIDO DE CASTRO 103 TANCREDO NEVES
23436,RûA LAJS 5099 NOVE
765926,RUA VEREADOR CHAGAS MATTOS 387 NOcA ESPERACNA
443702,LINA c110 35 None
96557,AVENIDA ODMINGOS fORREA DE ARAUJO 3080 GUAJARA MIRIM
394168,AVENIDA RAIMUbDO BRASILEIRO 3514 JOeE
97777,AVENIDA GETULIO ARGASm 849 UAJARA MIRIM
214613,AVENIDA SETE DE 5098 AGENOR M DE CARVALHO
661796,RUAq ELCIAS ELCIAS C ALBUQUERQUE 13 AVELINk LEAL
1116920,RUA ILHA BELA 23 GILBeERTO GILBeERTO MESTRINHO
60010,RUlA RIU BARBOSA 3243 BAIRRO FLORESTA
857520,AVENIDA BEIJA BEIJA FLO 25 JORGE TEXêIRA 1 ETP
675487,AVENIDA SAO JOAQUIM 1090 NETRO
