id,nome
199575,DE JOSE RAU ALENCAR 554 VILbA NOVA NOVA
687666,RUA FREI SILVESTRE 356 CENTkRO CENTRO
82621,AVENIDA TREZE TEZE DE MAIO 1068 aETOR 0009
919180,BECOc 77 LVORãDA I
250908,RUADOS ANDRADES ANDRADES 9078 SAO FRANCISCO
376930,RUA DOIS MoL TREZENOTS E TRES 6369 SETOR 23
471767,pRODOVAI RO 133 17 VALEf DO qNARI
620682,TARVESSA 3DE MAIO 50 MAURI SERbOI
257002,RUA FESTEJOS 3513 ES ILVA
843378,TRAbESSA àLVARAES 271 zPAREdIDA
953511,RUA 15 DE AGOSTO 916 JORGE TEIXEIRA 4 ETAPA
1149873,RUAM  26 ARMANDO EMxNDES
1153082,RUA MANAUS 17 SANTA EETLVINA
870563,AVEINDA DOMîNGO JORGE VELHO 347 DOM PEDRO 2
864505,AVENIDA NERY CONSTàNTINO None CHPAADzA
588754,RU MEIRE ALVES AD SILVA 68 TANCREDO NEVES
700199,RIOb ANDIRá None ALDEIA LIVRAMENTO
190275,LINHA 12 DA 81 None v12 DA 81
1003581,B 34 COROADO
255572,RUA EUDOXIA BARROS 6523 APONká
71148,RUA MARIO PEREIRA DA SILVA 951 CETNO
322240,RU PADRE CHIQUINHO 94 SàO çARLOS
977953,RUA A CINCO 64 CONJ FLAMBOYANT AGUAS CLARAS
940688,ESCADA SEM DENOMINACAO 66 COLONIA OLIVEIRA MACHADO
327568,LINHA ZERO UM 18 RIO PARDO
106237,ãVENIDA BRASIL 2418 SETwOR0 1
614584,RUA PADRE CICERO 83 BAIRRO DA PAZ
131325,RUA BEIR RIO 197 DUQUaE DE CAXIASn
805667,RUA RIO ICANAN 3993 MAMOUD AMED
54469,RUA JOAQUIN PINHEIRO FILHO 3362 VILAGë DO SOL
105566,LINHA DE FERRO 410 SEGUNDi
1040253,RUA CINCO 92 AMAZONINO MENDES 1
521171,AVENIDA JAPIIM 2380 MANCIO LIMA LIMA
75044,AVENIDA XINGU 3477 ODILON NOIA
353927,URA L 769 hBAIRRO CIADE ALTA
579489,RUA JEHETE MAA 109 BSQUhE
179365,LINHA 130OU 09 19 LINHA 09
451758,RUA JOSE RODRIGUES DE OLIVEIRA 103 RUAbS RUAbS
56487,RUA MANGUEIRAS 1198 LIBREDADE LIBREDADE
718562,AVENIDA AVENIDA SETxE DE SETEMBRO 104 SAO aEBASTIAO
310789,RUA TIJUCA 8959 ZONA LESTE
209620,AVEIDA JOSE VIEIRA AULA 7411 TEIXEIRAsO
562894,RUA D 120 BAIRRO CORRENTE
482817,RA MEIRELES HILARIO 79 CENqTRO
440739,RUA JOSE SILVESTRE 2237 CENTO
889374,AVENIDA PISTA DA RAQUETpE OU aJOAO MARCO 1036 NOVA VITORIA
110835,RúA ERMANO DOS ASNTOS 1179 SETOR 07
677734,TEFE 6 CARU CARU CARU
497697,RUA DA PARAIBA 1550 REMANSOh REMANSO
976218,RUA A 3 RESIDENCIAL PONTA NEGRA 4
502174,RUà LUIS LUIS PEREIRA 22 AEROPORTO VELHO
358312,LINHA LINHA 200 SUL LD ESQUERDO 8 ROLIM DE MOUAR
399974,LINHA5 2 59 ZONA RURAL
1039102,RUA CINCO 12 PARQUE 10 DE NOVEMBRO
302299,RUA SACRAMENTO 1373 SULq
748670,RUA PEDRO AMERICO 484 ESPIRITO SANTO
995929,RUA ARACA DA PRAIA 181 MONTE DASd OLIVEIRAS
753440,ESTRADA ITAPEUA 35 COMUNDIADE VILA DO ITbAPEUA
100440,AVENIDA PEDRO ELEOTHERIO 1509 TAMANDARE TAMANDARE
453924,AVENIDA P0RTO VELHO 163 QUERENCIA DO NOTE
109390,RUA BEIRA leIO 3222 SETOeR 02
253022,RUA SIQUERA 162 ROQUE
504502,RUA SEM DENOMINACAO 136 MIRITIZAL NOVO
353787,RUA RUA JAMRAI 6793 dSPERANCA BOA
523377,RUA SEM ENOMINACAO 548 SAO
749174,RIEIRO JUNIOR None URUCU
952899,RUA 15 19 CIDADE NOVA
193863,AVENIDA FLAVIOd DA SILVA DALTRO 304 JARDI MDAS OLIVEIRAS
868323,AEVNIDA CURACAO 24 OVA CIDADE
17601,RUA DISTRITp FEDERAL FEDERAL 3355 SERT 5
771170,ETSRADA BADEJO BADEJO DE CIMA 6 GUAJARA
11862,RUA ALBINO pHENRIQUE 1124 MARECHLA RONDON
992114,RUA ANADOR 378 JORGE TEIXEIRA JOAO PAULO 2
135097,RUA çEDRO 2491 NOVAB RwSILIA
452031,éSTRADA 115 None ZONA RURAL
94843,AVENIDA ANTONIOL UIZ DE MACEDO 5868 JARDIM DAS ESMERALDAS
538011,AVENIDA EPAeMINONDAS JAçOME 1123 CADEIA VELHA
995023,RUA ANTONIO PIZZONIA 419 DISTRITO INDiSTRIAL 1 E 2
453345,LINHA TERCEIRA EIXOSETE E A OITO 4 OITO SETE LINHA A ENTRE A E
359743,RUA JUCELINO KUBTSHECK 2565 CêNTRO
394066,AVENIDA HORIZONTf 1670 NOVA DIMENSAO
57119,RUA MARTINnS PENA 888 PARQUE OFRTALEZA
737814,RAMAnL SAO PEDRO 17 RAMAL DO MAMURI
635931,ESTRADA TRANSACREANA KM 55 None KM 54
1101764,RUA FRANdISCO DUART 2 JAPIIM
360464,oNIHA 184 29 ZONA RURàL
956334,RUA 18 DE AMRxO 151 IGLBERTO MESTRINHO
923822,BECO MOSSORO 5 SAO FRANCISCO
1092075,RUAE NCONTRO AS AGUAS 20 MAUAZIbHO
1148856,RUA LUI ZANT0NY 980 CENTRO
848091,RUA MANOEL PIENA 24 CENTRO
716940,RAMAL PORTO ALONSO LINHA 5 61 LINHA ALONSO 5 PORTO
708400,JANEIRO E AVENIDATRINTA DE UM 1580 NOSSA SENHORA DE FATIMA
860804,AVENIDA BURlTI None IDSRITO
755171,RI SOLIMOES 28 NOSSA SENHORA DE FATIMA
480646,AVENIDA MARINHO MONTE 259 BAIRRO ELDORADO
1078217,RUA DO ROSARO 64 BETANIA
322712,PASTOR EURICO ALFREDO NELSON 1621 AGENOR M DE CARVALHO
39169,ODOVIA RO 370 2 CABIXI
840011,R1UA RAIMUNDO PACHECO TELLES 1293 SOA JOSE
707338,RIO LAGO DO ACADO COM RImO PURUS None LAGO DO ASCADO COM RIO PURUS
315212,RUA VESPASIANO RAMOS 3049 NOVA PORTO ELH
627045,TRAVESSA IPE 35 SANTA INES
858421,AVENIDA BOA ESPERANCA 12 NOVA ESPERANCs
1104445,URA GAILLEIA 69 NOVO ISRAEL
912492,bBEC0 BETEL 522 MAUAZjHO
709531,RUA SAO SëBASTIAO 1213 BAIRRO SAO SEBASTIAO
772841,BCEO DO GARCAI 304 NOSSA SENHORA DO CâRMO
150853,RUA PORTO ALEGRE 611 SAO FRANCICSO
204587,AVENIAD AVENIAD BRASILIA 2236 QUILMETRO UM
353515,RUA JAMàRl 3652 PLqNALTO
214770,AVENIDA SETE DE SETEMBRO 6846 CUNAuI
25187,MEXICO RUA 1083 SETOR DnEZ
808630,RUá VEREADOR ADOLFO OLIMPîO 3332 ãRAUJO COTSA
101523,AVENIDA ROCHA LEAL 828 TAMANDARE
649162,TRAVdESA JOSE ALVES 790 EDILO RODRIGUSE
1007629,RUA BARREIRINHA 6 SAO JOSE 1
160834,dUA PRESIDENT EJOAO BATISTA FIGUEIREDO 55 BAIRRO SANTIqGO
216200,BECO AFONSO 223 MATO GR0SSO GR0SSO
1096011,RUA EZEQUIEL 79 NOVO ISRAEL
303463,RUfA SAMUéL FREITAS 3730 B CONCEICAO
856675,AVENID AVENIDA B 24 ALVORADA I
888789,AVsNIDA PERIMETRAL II 16 PARQUE DEZ DE iVEMBRO
1004742,RA B 32 813 AwLVORAA
259503,RUA GARBIM 7544 JUSCELINO KUBITSCHEK
159323,RUA DOUORT OSVALDO 2036 RPIMAVERA
405757,RUA RIO JAMARI 2816 A|TO PARAISO
830220,AVENIDA JOAO XXIIlIm 1044 SAO FRANCISCO
79665,AVENIDA GOVwRNADOR JORGE TEIEXIRA None CETRO
963510,RUA 25 DE DEZEMBRO 384 NOVA VITpRIA
882899,VAENIDA LORIS sCORDOVIL 47 ALVORADr
709992,FAZENDA ESTREkTO DO MASSAUARh None ESTREITO DO MASSAUARI
731727,RA DUQUE D ECAXIAS None NOVAREPUBLICw
269080,RAU JANAUR 2887 fELETROyNORTE
108652,RUA AFONSO JOES 1395 SETp R07
1116517,RUA IGARAPE DO QUARENTA 257 DISTRITO INDUSTRIAL 1
258790,RUA FRANCkSCOM ANOEL DA SILVA 6378 AoONIA
558764,RdUA BRASILANDIA 86 JARDIM BRASIL
154494,RUA SURINvAMd 94 JARDuM DAS SERINGUEIRàS
329589,RUA 35 8 N0VA MUTûM
1116313,RUA RUA IGRAAPE DO 40 65 DITRITO INDUSTRIAL
999527,RUA ARTUR NETO 11 SAO JkSE OPERARIO
490636,RApMAL CAMPO ëSPERANCA 3 CAPIXABA
970877,RU qA5 2154 ALVORDA
1005781,RU A1B 30 CIDADE NOVA
1113040,RUA HUASCAR DE FIGUEIREDO 1088 CENTRO
338054,RUA OTAVOI RODRîGUES DE MATOS 2188 CûNHA E ILVA
332087,RUA REI PELE 1038 UNIAO BANDElIRNATE
366017,LILIANA GOjZAGA 1284 BELA VISTA
993357,RUmA ANELIM 25 JOREG TEIXEIRA II ETAPA ETAPA
1009014,RUA eBARj 34 JORGE JORGE TEIXEIRA
642919,AMAL DA UNíAO 29 RODIGUES ALVES
76883,RUA RUA MARNAHAO 4118 SA OJOSE
764403,RIO JURUA LADO ESQUERDO None MIRITI
343535,AVENIDA FLORIANOPOLIS 6370 INDUSTRIAL
1107396,RUAy GRADIéNTE 27 ARMcADNO MENDES
852108,ALAMEDA SANTOS DUMONT 15 BAIRROeA PAZ
975380,RUA 89 42 NOV OALEïXO
781711,AVENIDA VARCY HERCULANO 71 IPIXUNA
758949,COMUNIDADE TALMII 7 PARANA
365635,AVENIDA LEOPOLDO PêERS 3348 CdNTROm
769416,RUA MARECHAL RONDON 82 ASO I FRANCISCO
445049,RUA GOIAS 2970 xENTRO
748151,RUA MARIA GOES 158 UUUC
899446,AVENIDA RCUARA 321 CCAHOEIINHA
680811,COMûNIDADEk SAO PAULO None PARANA fO
981386,RUA ADAILSON LOPES 213 SANTA ETwELVIN
315468,RUA VICENTE FOTOURA 9082 SAO FRANCISCO
864336,AVENIDA CONSTANTIN NErRY None çHPAADA
358615,RUA AkNTONIOS ANTANA 3167 None
507199,AVENIDA RIO JURUA 648 MIRITIZAL
141373,RUA GARDENIA 2755 BAIRR SANTIAGO
1062780,RUA 46 pCOROADO pCOROADO
245328,RUâC URITIBA 2992 CALADNIHO
851396,ALAMEDA DA ExPRANCA 22 OSSA SRA DE FATIMA
202816,ESTRADA LINHA 50 3436 LIfNHA 50
67747,RODOVIA BR 364 86 BR 364
761973,RUA JULIETA ALBUQUERQUE 171 SATNO ANTONIO
713218,RUAvC ANAA 298 PRAIA DgO GáDO
926696,BExO RIO NILO 7 SAO ANCISCO
395367,LINHA 2 LADO DIREITO 11 RUA MACARAjsUBA
418943,LINHA 140 NORTE 10 HORIZONTE
1144950,RUA LESTE 37 MAUAZINiHO
578681,RUA ITAPOáNg 534 fCONQUISTA
935221,BECO SAO CRISTOVAO 5 ZUMBI DOS PALMARES
14226,RUA BRUSQUE 4965 ONE
954255,155 5 CIDADE NOVA
613649,RUA MAJRO LADISLAU FERREIRA 1024 ABRAAO ALAB
544861,ESTRADA DO CALAFATEl 5642 BAIRRO SAO MIGUEL
1002517,RUA AYRES DE ALMEIDA 100 BAIRRO RAIZ
376543,RUA COSTA E 5lLVA 542 CENTR
787103,RUAB None JOeE SAO
920333,BECO GERIM 5 AMAZOINNO MENES
689037,R UA3 DE MARCO None BAIRRO SANTA LUZIA
817410,RIO JAPURA CANAVIAL 1 1 CANAVIAL 1
312167,RUA TREZE DE SETEMBRO 1353 AREjAL
1140378,RU KOBE 24 PARQUE DEZ DENOVEMBRO
883425,AVENIDA MANICORE 174 CCHOEIRINHA
753190,COMUNIDADE SOA LAZARO 20 DA BOCA DO SOC C0DAJAS MIRIM
1063913,RUA DAS ESMERLDAS 773 TANCREDO NEVES C0MUNIDADE NOVA FLORESTA
258171,RUA FRANtCSCO BARROS 6996 IGARAPE
172071,RAU PIAUI 3221 jCENTRO
317287,MeAIA WILMAN RUA 5994 PONIA
678554,RUAJ OSE EUFRAZIOF ILHO 274 AMATURA
602148,URA SAO JOAO 118 DEFESA CIVIL
323425,RUA RUA SANTA LCARA 2794 FLODOA|DO PONTES PINT
311604,RUA TRES E MEIO None FLORESTA
8041,AVENIDA CANDEIAS 2326 SETOR 03
249736,RUA rO JERONIMO SANgANA 3545 CASTAHNEIRà
1124178,RUA J 37 ARMANDO ARMANDO MENDES
82964,RUA SD 2585 STEOR 001
416403,LINHA C 22 51 BUIRTIS
787980,RUA DAS nANGUEIRAS 55 COMUNIDADE DO ARIAU
11520,RUA ABEL dOUTO 2909 SETOR 08
1017832,RUA BO MJARDíM 10 NOVO ISRAEL
73802,GUAPORE 4743 SAO JOSd
1007697,dUA BAREIRINHA 19 mSAO JOSE 1
919984,BECO FLMAENOG 106 PETOOPLIS
254405,RUA ERVA CIDREIRA 2673 ZONA SUL
763902,TRAVESSA ULIO MARINHO MARINHO 30 NOSSA SfNHORA SfNHORA DO PERPETUO SOCORRO
384355,RUASETECENTOS E TRINT E SETE OU ERMILINDO BATALHA 1060 CIRSTO REI
770486,RUA EfSON HêRCULANO None GUAAkRA
40339,AVENIDA BRAíSL 1105 LIBERDADE
676109,RUA LAZARO DE SOUZA MEIRELES 223 SAjO FRANCISCO
224349,RUA ALFREDO SABINO 5467 TEIXEIRAO
919201,BECO DOZE DE OUTUBRO 16 C0ROAO
872341,AVENIDA EFIGENIO SALES 1224 ALEIXO
462650,LIbHA LIbHA 14 22 LINHA 14 KM 1 SUL
294962,RUA PITICA 435 BF LORSTA
958046,RUA 2 12 COROAs
913042,BECO BOM JESUS 1 SANTA ITEkIVNA
521337,AVENIDA JAPIIM 6161 GUARANI
506171,TRAVESSA CIS 40 CENTRO
544938,EgSTRADA DO SOL SOL 70 TAQUpARI
439663,TRAVESSAO 625 A 623 PRIMEIRO 35 OhA RURAL
433628,AVfNjDA GALO DA SERRA 1157 SETOR 03
1113099,RUA HGUO Dé ABREU 16 COROADO
853798,âVENIDà AJURICABA 1008 CACHOEIRINHA
1128957,RU AJwVARI 11 COLONIA TERRA NOVA
1117026,RUA ILHAS MARQUESA 69 BàIRRO DAP AZ
1075889,RUADO CAMlO 592 NOVO ALEIXO
1124366,RAUJ  71 SAO iOSE ObPERARIO
429330,RODOVIA BR 364 1470 aALSALITO
1119495,RUA IPIXhNA IPIXUNA 368 CENTRO
63644,ANTONIO ASNTO RUA 1652 BAIRRO SANTO ANTONIOf
700466,RUA RUA BENJArMIM 91 ALEGRE
668110,RUA GUILHEMRE FERREIR 796 RAIMUND HERMNIO DE MELO
149142,RUA MONOEL RFANfO 3408 BAIRRO NOVA BRSAILIA
568619,RUA DO PASSEIO 426 TqQURI
178527,RUA BAROA DO fIO BRANCO 5092 SETOR 15
291477,RUA PAULO ORTES 6450 PORT0 VELH0
1046867,RUA COMENDADOR JG ARàUJO 1518 SANTO ATONIO
957053,RUA 19 20 JARDIyM MAUw
1019497,RUA ORBA 49 TANCrREDO NEVES NOVA CONQUISTA
794537,AVEINDA MARIO ANDREAZA 801 JAUARI I
625339,DO MERCADO None vAIRRO 5
1095883,RUA EZEQUîEL 10 bOVO uSRAEL
252420,RUA EDUAROD LIMA SILAV 1521 AGENOR M DE CARVALHO
283410,UR AMARMELO 12366 ARAGAO ARAGAO RONALDO
919195,BECO DOZE DE OUTUBRO 9 OCORADO
1105702,RUA GILBERT0 cMESTRINHO None COMPENA
61134,RUA RUA ALMIRANTE BARROO 2123 NOVk HORIZONTë
598312,RAIMUNrO RUA COELHO 78 çAEDIA VELHA
263359,RUA GUARUJA 4528 CALADINHO
777012,RUA NORDESTINA 1244 SAO CRI5OVAO
800153,RUA CIGANA 97 DAP AZ
669107,RAU VINTE DE JANEIRO None PANTANAL
1102541,RUjA  None NoOVA CIDADE
319522,RUA DO PEDRO II 2158 ONSSA SENHORA DAS GRACAS
1123968,J RUzA 11 SAO JOSE OPERARIO
993181,RUA NDORINHA5 723 CIDADE DEk DEUS
968460,RUA 41 12 CIDADE NOVA
864510,AVENIDA CONSTANTINO NERY None CHeAPAD
180592,AVENIDA GONCqLVESD IAS 2772 JARDIM AERpPiRTO
217026,BECyO BECyO NONOIA 3852 COSTA E SILVA
903582,AVENIDA GkVERNADOR AMAZONINO 228 SANTA ETELINAx
1140821,UA L 29 JORGE TEIXEIRA BAeIRRO NOVO
1028925,RUA CANDIDO HjON0RIO 94 ALVORADA
659338,RAMAL DwO 17 4 CqCIRIAN
32520,RUAUIRAPURU 1140 SETOR 2
1126655,RUA JANAMBA 304 JORGE TEXIEIRA
583429,RUA |EONORA E MORAIS None BAIRRO BELO JARDIM 2 RESIDENCIAL SANTO
960317,URA 211 23 NOVA CIDADE
990223,URA 1090 MCPENSA
372918,RUA 2012 OU PALESTRA ITALIA 2482 aSEOTR 26 OU SETOR ZICO
999840,RUA qRTUR qRTUR REIS 554 SANTO ANTONInO
876127,AVENIDA GRANDE CIRCULAR 2950 ARMAmDO MENDES
108535,RUA RUA ADALuBERTO DA COSTA GADELHA 3199 SETO 06
72939,RONDcONIA 2188 CENTRO
308121,RoUA TAMAREIA 3057 ELETRONOTtE
371730,AVENIDA AVENIDA MAERCHAL RONDON 4034 CETR0
101848,AVENIDA SERINGUEIROS 1996 GUAJARA MIRIM
81764,AVENDIA GUAPORE None SETxOR 0009
693202,RAMAL CURURU 850 RAMAL DO CURURU
580332,RUA JOAO NASCIMENTO 101 ADALBERTO SENA
753678,IGARAPE D OSALSA 7 SALSã
657432,RUAMAJOR JOAO iCANCIO 563 lCAFEZAL
370504,AVENIDA BARAO BARAO DO RIO BRANCO 2560 CNETR
930889,BEçO SBRIEDADE 63 TANCREDO TANCREDO NEVES
866576,AVENIDA CONSTANTINOPLA None PLANALTO
715904,TRAVESSAr5 30 PeAIA DO GADO
946723,RUA 08 22 SAOJOE
199064,RUA GUAPOR None kJARDIM DsAS OLIVEIRAS
296596,RUA PROCOPIO FERREIRA 2273 POeTO
1100745,RUA FORTALEZA 285 CIDAD NOVA
820768,RUA RUA RI MUTUM 120 CENTRO
328464,RIO MADEIRA 11 gLHA NOVA
437456,AVENIDA CACAULANDIA 214 DISTRïTO
258643,RUA FRANqçISCO MANOEL None APkNIA
38747,kINHA 11 10 CABIXIc
88226,RUA ITAPORANGA 2445 BAIRRO CAIXAD  AGAU
231696,RUA AROEIRA AROEIRA 5165 ONA 5UL
737435,DO MIRA 15 RAMAL DOp DO MIRA
496503,RUA ALITA 546 AUMINOI
443206,1INHA 2 CABELO 19 None
311833,RUA TRES MARIAS 82 FORsSTA
587887,RUA MARIA LúCINDA None VILA DA AMIZADE
927585,BECOS ANTA SANTA MARIA 79 COjPENSA 1
139119,RUA DOS CANARINHOS 1916 UNIAO 2
807642,RUA NOSSA SENHORA DO ROSARIO 2055 BAIRRO CENTRO
664749,RUA CPITAO IPOLITO 12 gTRIANGcULO
874803,AVENIDA FRANCISCO QUEIROZ 951 COLONIAw SANTO hANTONIO
526663,TRAVESSA RIO BRANCO 302 MANUEL URBzNO
343528,AVENIDA FLORIANOPOLIS 6248 NIDUSTRIAL
757213,RUA PLINIO COELHO 259 CODAJAS
1002977,RAj B 10 MENEDS ARMANDO
666796,RUA SEBASTIAO OLIVEIRA 47 CORCOADO
570622,E RiA 440 BAIRR
315240,RûA VESPAZIANO RAMOS 3138 AGENOR M DEC ARVALHO
221898,RUA AFONSO PENA 1161 NOSSA SENHORA DS GACAS
881438,AEVNIDA L 2 A|VORADA
925443,BECO PENSADOR 70 CHAAPAD
484318,RUA OSCAR EIlA 125 BAIRRO ELDOURADO
1048748,RUA COSTA AZEVEDO 156 CETNRp
937396,BECO SAO JOSE 27 ALEïXO
699541,TRAVëSSA ARIAU 14 ASO
771995,AVENIDA CINO DE SETEMBRO 1560 CENTRO
945724,RUA RUA RUA 03 32 NOVO ALEIX0
100266,AVENIDA OITjO DE DEZEMBRO 5479 GUAvJARA MIRIM
1082741,RUA DiNIETE 28 COLONIA ANTONIO ALEIXO ALEIXO ALEIXO
979784,bRUA None GIpBERTO
933522,BECO NOSSA SEHORA DE FATIMA 50 APIïM
1123215,RUA ITUITABA 153 REDENCAO
74712,AVENIDA TAPAJOS 4520 CETOR
909591,BECO AIRTON SENNA 8 SAO JOSE OPERARIO
655764,RUA QUINTION BOCAIiVA 726 CENT
451386,AVENIDA DOSm PIOENIROS 573 AVENIDAS
587855,RUA MARIA JOSE DOMINGOS 74 CALAFATE
955953,fUA 8 N0VA CIDADE
974446,RUA 72 CONHECIDA COMO RUA 12 33 NOVO ALEIXO
805857,RUA RONDONîA 110 SAOFRANCISO
468172,RUA MARIA APARECIDA DE CARVALHO 4128 dUMAUM
1000484,RUAA STRO BARROSO 42 COROADO III
1085164,RUA DOS TREVOdS 236 DISTíTO INDUSTRAL 2
913299,BECO BOULdVAR 10 CACHOElRINHw
373530,RUA3 12 None PARQUE INDUSTRIAL TRANCREDO NEVES
49007,RUA ANfyONIO DE SANTANA 5038 VILLAGE DO SOL II
1057182,RUA DA IGREJA 142 SANTA SANTA ETELVINA
327600,LINHA SANTO CARLSO 19 SA0 CARLpOS
66663,LINHA 196 29 CACOAL
693287,RAMA LDO MTUUCA 195 MONTE SINAI
1108406,RUw GUANABARA 26 GILBERTOc METSRINHO
492835,AVENIDA GETUIO VARGAS 1675 dEMANSuO
242764,RUA CIDRERA None ONA SLU
311691,RUz E MEIO TRES 1611 F|ORSETA
284274,R MEXICO 2775 MEBRATEL
96207,AVEINDA CONSTITUICAO 1121 TRINAGULnO
896869,VAENIAD TEFE 37 BAIRRO RZAI
176442,AVENIDA RUI BARBOSA 3244 SETOR 13
742522,RUA AGENOR LACERDA 25 PERA 1
362291,AVENIDA BEIRA IkO 2711 CENTRO
1049319,URA wCRAVO 433 LqEIXO
664190,RUA SEM DENOMINACAO 75 BAIRRO TRkANGULO
194191,AVENIDA FORTALEZA 1890 PIMENTA NOVA PIMENTA
535432,SERINGAL HUMAITA 1229 SEGUNDOp ISTRITO
874653,AVENIDA FRqNCISCO QUEIRrOZ 20 COLONIA bSANTO ANTONIO
783842,RIsO JRUUA 16 CMOUIDADE LIBERDADE
378845,RUA JOSE PERERA DE LIMA 5118 BAIRRO JARDIM ELDORADO
113800,RUAu MINAS GERAvIS 2756 SETOR 05
184536,RUA GTULíO VARGAS 888 BAIeRyO DA LIBERDADE
112884,RUA MANOEL RIBEIRO MENDES 1604 07 STEOR
964874,RUA 29 5 JARDIM MAUA
36379,RúA CACHO 4225 RURAL POLO MOVELEIRO
729838,RU AARTHUR SA 5 CENTOR
87231,RUA DA MARIZ 2916 CENTRO CENTRO CENTRO
388572,AVENIDA JpOAO BATISTâ FIGUEREDO 1940 CENTRO
281192,RUA MNAOEL LAURENTINO DE SOUZA 820 ONVA PORT VELHO
280306,UA MAGNOLIw 3775 CONCEICAO
246697,RUA DA PAZ 2951 LAGINHA
689367,RU ADO ENGEHO None CNETRO
1703,AVENIDA JK 4843 REODNDO
876504,AVbENIDA GUARANAS 26 CIDADE NOVA
923380,MARIANO BECk 1135 NOSSA SENHORà APARECIDA
778924,RUA PADREp VERS0N 2168 AO SEBASTIAO
1096826,F RUq 48 TARUMA PONTA NEGRA RESIDENCIAL 1
906486,AVENIDA NILTON PROFESSOR 600 FLbORES
65915,LINHA 1 None CAçAOL
251915,RUA ECAD E QUEIROZ 9979 MARIANA MARIANA
1099543,RUã FOLRENTINA PEREIRA 131 BELA VITdSA
112735,RUA MAMORE 1632 STEOR 2
1112690,RUAHI 3 ALEIXO
378137,HUM NOVE QUINHENTOS tUA E MIL 1028 BODApNESE
383129,RUA SEISCENTOS E SETENTA E SETE None PARQUE SAO PAUO
997282,RUAy ARAXA 275 FLORES
933341,BECO MARECHAL DEODORO 50 COLONIA OLIVEIRA MACHADO
212308,AVENIDA RAIMUNDO 9527 ZONA ZONA LEST
12934,RUA ARAPONyàS 1864 SETOR 02
1012837,RUA BELO HORIZONTE 116 C0MPENSA COMPENSA
859197,AVENíDA BRASIL None COMPENeA
657629,kRUA PADRE EGqIDIO 631 CENTRO
35786,LlNHxA C 75 43 B 40 BR421
713017,RUACAJAZEIRs 70 PRAIã DO GADO GADO
480190,RUA VALERIO MAGALHAES 552 CASCATA
740017,COMUNIDADE NOSSA SENHORA PERPETUO SOCORRO None PARANA MURUMURUTUBA
27740,RUA PIaUo 1786 SETOR 12
1066493,RUA DAS PEROLAS PEROLAS 19 TANCRDO NEVES CyOMUNIDADE NOVA FLORESTA
963019,RUA 427 9 bOVA
741447,BECO MARIA ALMEIDA 1 24 PERá o2
656813,RUA SIQUEIRA CAMPOS 770 CAFrEZAL
1074547,URA DO ADVENTO 14 PAZ DA BAIRRO
510306,RUA RUA SANTO ANTONIO 307 MIRITIZAL
435139,RUA GRALHA-AZUL 1716 SETR 1
678983,RUA PIO RUA FREI 20 AMATURA
109691,hA BELO HORIZONTE 3572 SETOR 5
274435,RUA kJOSE CAUBY 710 CéNTRO
725514,RIO TABOCA 12 TABpCA
165766,RUA TOCANTIS 793 NOVs LONDRINA
1151040,RUA MACURANYj 65 DUCANDOSt
579847,dRUA JOAO CHALUh 269 MAN0lEL JULIAO
643999,RIO VIUVq PARAA None ISAIAS
386649,TRAVESSA A 4900 VISyA
377764,RUA GILBERTO DE BARROS 430 RESIEDpNCIAL HIPICA
485877,RMAAL KM 26 None COMUNIDADE 26
734504,MARIO JORGE GUEDES DA SILVA 171 vAIRRO NVOO
69604,RUA CASTELO BRANCO 2962 CENTRO
1102658,RUA G 9 ARMANDO MENDES
638005,RAMAL SATA ELENA 835 AMAPA
286890,RUA NEUZIRA GUEDES 3385 JUSCELINO KUBITSCHEK
434171,RU AGUIA BRANCA 1692 SETORv 01
288158,RUA NOVoA IOnRQUE None ZN0A SUL
420513,tUA wLVORADA 53 SETO 03d
649201,RAVESSA QUINARI 336 CENTRO
96626,AVENIDA DONATO DO PATROCINIO OU QARENTA E NOVE 3552 JARDIM DAS ESMERALDAS
525820,RUA FRANCISCO NAbSCMENTO 406 MANUEL URBANO
108379,AVENIDA PADRE ADOLPHO R0HL 3246 SETOR 05
683282,RUz ALAGOAS 943 CENTRO
6702,LINAHP 50 38 MARCAO
411659,RUA JANAIR DE PAULA NET None 7
469179,LINHA 16 266 Nnie
741528,BECO SAmTOS DUkONT 183 DUQUE DE CAXIAS
833357,RAU hARCELOS 253 APARECIDA
904908,AVENIDA PRESIDENTE CASTELO BRANCO 2076 CACHOEIRINHA CACHOEjRINHA
489007,AVENIDA GOVERxNADOR EDMUNDO PINTO 1291 CENTR0 CENTR0
149302,RUz NESTOR RAMOuS 119 URUAP
815198,RUA BeARBARA MIRANDA None TERRA NOVA
603966,RUA SEM DENOMINACAO 608 ARAEL BAIRRO
1012345,URA BELGIdA 408 FLORES
742548,RUA AGENOR LACERDA 59 PERAb 1
507089,AVENIDA RAIMUNDA NONAT DIAS DA SILVA 150 VILA SANTA ROSA
905791,AVENIDA PtESIDENTE DULTRA 437 SAO SAO RAIMUNDO
338637,RUA FREI CANECA 2648 ERNANDES GONCALVES
905960,PRESIDENTE KENNEDY 221 EDUvANDOS EDUvANDOS
125424,AVENIDA GUANABARA 3016 kK
952601,RUz147 1 jOVã CIDADE
820216,CIRCULAR GRANDE RjUA 112 CuENTRO
1079498,RUA DOIS 19 SAO JOSë OPERAIO
571930,RUA EPAMNONDAS 3231 BoASE
405697,RU APRIMEIRO DE jAIO 3147 CENTRO
879473,AVENIDA J CARLOS ANTONY 293 CACHOEIRINHA
516481,RUA FRANCISCO AMBROSIO TAVEIRA 549 NAI ARwUJO
330746,AMARILDO CODREIRO RUA 4130 UNIAO BANDEIRANTE
967088,RA 37 37 COMUNIDADd PORTELINHA SAO JOSE 2
1081839,RUA DOIS DE AGOSTO 146 PAQRUE 10
308261,RUA TAMAREIRA 4138 CONCEICAO
928215,BECO SAO FRANISO 93 TANCREDO NEVES
598215,RUA RADjOFAROL 487 GLORIA
17327,RUA DAS SAFIRAS 1380 APRQiE DAS GEMAS
504959,RU TAVARES LIRA 250 JOAO ALVES
661945,RUA ELPIDIO DEANDRADE 434 CENTRO
595000,RUA oLINIO BRàNDAO 31 hAE
557085,RU BENJAMIN CONSTANT 13 CENrRO CENTRO
154282,RUA SENA MDUREIR 3645 OJRGE TEIXEIRA
749576,RUq RUI BARBOSA 123 CNTOR
434631,RA CMBACICA 1177 SETOR 05
351927,RUA CASTELO BRANCO 585 CIDADE ATA
825907,RUAW ALDOMIRO CRUZ 3097 BAIRRO DE DEFATIMA
1077665,PASSEIO RUA OD 75 kNOVOISRAEL
145269,RUA JOSE SARNEY 1218 JARDIM PRESIDENoAL
667744,RUA DOS None CONTAmNTINO MEOL
5367,AVENIDA jGUANABARA None CIDADEApTA
556283,RUA BELA VISTA VISTA 114 CENTRO
122070,RA EPITAFIO PESSAO 4087 BAIRRO zJARDIM sO ESTADOS
967885,RUA 4 445 ALVORADA
454951,RUA TEOTONIO VILELA 25 NOVA ESPERANCA
75607,BqHIA RUA 4753 MAOT GROSSO
1112749,RAU HpLANDA 45 FLORES
300216,RA RIO RANDE DO SUL 3650 ZONA SLU
885884,AVENIDâ EPAL 48 NOVA CIDADE
1150678,RUA MACEIO 61 NOSSA SENHORA DAS GRaCAS
743894,RU AUA 41 ITAnãRATI
642478,PROJETO BOM VENTO 117 PROJETO PARANw
1068124,DELFIM RUA rE SOUZA 711 BAIRRO PETROPOLIS
1100811,RUkA FORTALEZA 523 ADtRIANOPOwLIS
677859,NATAL 32 ãLDEIA MRAJAI
784653,AVENIDA PURUS 425 SAO FRANCISCO
112854,RUA MANOEL RIBEIRO MENDEa None 07
1108020,RUA GUAJARA UAJARA 87 REDENCAO
715733,RUA NOSSA SENHORA DE NAZARE 98 MzCAXEIRAL MzCAXEIRAL
329888,RUA 49 1 NOVA MUTU
335487,AVENIDA RIOs BRANçO 1078 CUNHA E SILVA
716582,ESTRDAA LINH A2 PA MONTE 1701 PA MONTE
170538,RUA CANARIO DO REINO 3348 BAIRRO BOM vUTUR
172088,RU PIAUI 3339 CENTRO
128541,RODOVIA BR TREZENTOS E SESSENTA E QUAT 2552 PRîMAVERA
131309,RUA BEIRAR IO 133 yCASA PRETA
1019560,RûA BORBã 1280 CACnOEIRíNHA
44768,AVENïDA PcORTO ALEGRE 111 NOVO CACAL
893991,AVENIDA RIO NEGRO 216 SANTO AGkSTINHO
742706,RUA ALCERIN 303 bRNADE VITORIA
1146475,RUA LO LO A TRëS 11 ALEIXO ALEIXO
673440,RDOOVIA BR 317 39226 VILA PIA
166237,AVENIDABRASI| 2724 CENTRO
847188,MAIO 31 DE RUA 72 CpNJUNTO NOVO
877426,AVENIDA IGARAPE DfEMANAUS None rCENTRO
520260,AVENIDA RAIMjNDeO HENRIQUE LOPES None CENTRO
604989,RUA eETE DE SETEMBRO 1045 FLORESTA
1151971,RUw MAJOR GBARIEL 1234 CENRTO
942757,ESTRADw JOSE ROMA0 1279 SAO JOE OlERARIO
908782,AVENIDA ENADOR RAIMUNDO PARENTE None AoVORADA
46730,RONDON AVENIDA MARECHAL 3019 PRINCESA ISABEL
104420,AVENIDA PoRINCES ISABEL 3743 GUAJARA MIRIM
133346,RUA 72 URUA
212592,AVENDA RIO DE JANEIRO 131 RmOQaUE
355569,RUA RUA RUA TOCANTINS 5116 SAO CRISTOVAO
134173,RUA CASTELO BRANCO 477 RIACHUELO
1111421,RUA HAITI HAITI 169 NOVA CIDADE
426594,RUA EDUARDO OMES 516 PA|HEIRAL
774224,RwUA DA 304 SANTO SANTO SANTO ANTONIO
834969,RUA DANIEL SIMyOêS 2915 PAARECIDA
152223,RUA RIO MADEIRA 1212 DOM BOSC0
435574,MUTUM 1121 STEOR 03
1031914,RUA CAROLINE VERCOSA 212 CIDADE DE DEUS
993246,RUA ANDRE VIDAL NEGREIROS 55 DOM PEDRO
766453,SOUZA DE AVENIDA FRANCISCO PEREIRA 560 CENTRO
194462,AVENIDA JOAO JOAO PESSOA 1120 NOVA PIMENTA
64147,TRAVESSA ITAPEMIRIM 530 NOVO CACOwL
740095,COMUNIDADE SANTA LUZIA 38 PARAA DE AUTAZ MIRIM
858781,AVENIDã BORBvA 321 CACHOEIRINHA
1069834,DEZ RUA 356 PARQUE 10 qDE NOVEMBRO
319116,RUA DéLEGADO MAURO DOS SANTOS 737 AGENOR M DE CARVáLHO
726124,RUA ALUISIO SANTOS 1188 CAUNTAMwA
246926,RUA DA PROSPERIDADE 7427 NACIONAwLr
742979,RUA ANEaTNOR LEITAO 124 URUCU
1094272,RUA ESTANAVE 49 COMPENSA COMPENSA
1112769,tRUA HO|ANDA 200 FLOREe
588626,RU MAUA 479 JOAO EDUARDO
158674,RkUA CAPITAO SILVIOl 2120 ODM BOSOC
339222,LINHA1 28 None ESTRéLA DE RONDONlA
1072025,RUA DEZESSEIS DE AGOSTO 366 CIDADE NOVA
793541,AVENIDA AQUILIbO BARROS 993 SANAT LUZIA
408685,AVENIDA PORTO VELHO None SdTOR SdTOR 01
1002048,RUA AVENIDA CéNTRAL 56 MAANU
905031,AVNIDAP RESIDENTE COSTA E SILVA 187 CRESPO
416270,LINHA 4 3 PEDRA ABISMO DO
145159,RUA JOSE OLIVEIRA 514 JARDIM DOS MIGfANTES
1086730,RúA DOZEA  202 PQ NOVEMBRO DEZx DE
13619,RUA BEIJA FLOR 1328 DOIkS
73654,AVIDA AMAZONAS 4662 JORGE TEIXEIRA
1119798,RUA IRACEMA 15 BAIRR0 BAIRR0 DA PAZ
891923,AVENIDA RIO BRANCO 734 SAO RAIMUNeDO
548310,RUA DE e16 OUTUBRO 405 BAIRRO 15
53071,RUA GONçALVES kDIAS 1240 JARDIM VISTA VISTA ALEGRE
753806,IGARAPE JACITARA 60 JAICTARA
9454,AVENID AMACHADINHO 4077 eEOTR 06
395421,kINHA 30 C None PROGETO SIDNEY IRAO
830644,AVENIDA RIBEIRO JUNIOR 1290 SAO FRANCISdO
175921,RODOVIA RO 133 None DISTRITO 5B êC
1031119,RUA CARLOS rIA 36 CESPO
996937,RUA AdRARUAMrA 65 JORGE TEIXEIRA 4 ETP
434404,RUA wSSANHACO 1813 SETOR 02
92287,TRAVëSSA CAMPO VERDE 3649 BAIRRO LIBERDADE
258835,RUA FRANCISCO MANOEL DA $jLVA 6711 PORT0 PORT0 VELHO
1050729,RUA CRUZEIRO CRxUZEIRO None CoOMPESA
376935,RUA DOMINGOS LINARES 105 CENTRi CENTRi
705912,RUA JARAQUI 5 BIAfRO SANTO ANTONIO
316535,VINTE QUATRO DE JULHO 1006 NOVA PORTO VfLHO
167314,AVENIDA FLORIANO PEIXOTO 3085 CENTRpO CENTRpO
599189,RAU RIO BRàNCO 92 ELD0RADO
380556,OITOCENTOx E NOVE 6269 ALTO AjLEGRE
89817,RUA RIO DE JANEIRO 3148 BAIRRO LIBERDDAE
1092392,RAU ENVIRA 135 ALEIX
549768,RAU A.CAMEkO 71 CENeTR0
80867,RUA DOM PEDRO1 1766 VITORIA DA UNIAO
89671,RUAPORTO VELHO 2451 AO JOwSE
188733,RUA SEM zDENOMINACAO 520 BAíRRO INDUSRIAL
265117,RUAI OBTIRAMA 1882 MARCOS FREIRE
351671,RUA CAPIBARIBE 5681 SAO CRISTOVAO
370332,AVENIDA VITORIA REGIA OU 1705 2033 JARDIM PRIMAVéfA
516717,RUA HERMANEGILDO MACAMBIRA MACAMBIRA 300 CIDADE NVA
36143,RODOVIA BR 364 3636 ARIQqUEMwS
283180,RUA MARIO DE ANDRADE 5746 SAO SEBASTIAO
793024,RUA BéIRA RIO 8100 JANàUARI
336381,AVEmIDA RONDON MARECHAL 1543 CENTO
804694,URAP ARAISO 3563 SAO FdANCISCO
869969,AVENuD DJALMA BATISTA 3000 PQ DEZ DE NVOEnBRO
863986,AVENIDA NERY None AVENIDA CONSTAbTINO NERY
227610,RUA ANCHIETA 2479 SAO FRANtCISCO
455075,RjA PRESIDENTê J K 129 CENTRO
751762,RUq SAO PEDRO 345 URUCU
39711,AVENsIDAAMAZONAS 3862 CLODOALOD JARDIM
64260,yRAbESSA MIRIM 672 BAIRRO SANTO ANTONIO
1083487,RUA DOS BEM TE VIS 354 CIDADE CIDADE DE DEUS
1134657,RUA JORGE BERG 144 ADRIANOP0LIyS
490935,RAMAL DO BARRIGA 12 ACLOBRAS
585683,SAAD MMED RUA None WANERLEY DANTAS
487383,RUoA PROJETâDA B 371 CETNRO
295796,RUA P0NTO COQUkEIRO 6838 TRESMARIASr
156941,yRUA VICENTmE SABORA CAVALCANTE None PRIAVERA
657642,RUA PDRE EGIDIwO 714 CENfRO
248147,RUA DAS MANGUEIRãS 640 NOVA FLORESTA
757049,RUA MARIA VARDY 1246 CODAJS
536433,AVENIDA ANTONIO DA ROCHA VIANA 2799 VIL AIVONET
59432,RUA BRANCO 3540 BAIRRO FLORESTA
633629,TRAVESSA SATNA IZABEL 174 SA0 FRANCISCO
676713,TRAVErSSs SANTA ANA 93 ENTRO
1006057,RUà BsCABA 1 RUA BACABA
375551,RUA AV. OCTwAVIO J. DOS SANTOS OU 1700 4198 JARDIM DAS OLIVEIRAS
467413,AVENIDA SETE D SETEdMBRO 5036 ALTO ALEGRE
100869,AVENíDA PRIMEIRO DE MAkIO 1825 GUAJARA IMRM
639185,URA BAMvU None VILA VERDE
966224,RUA 31 DE AGOSTO 71 TdANQUEDO NEVES
108787,RUA AFNSO JpOSE 3064 SETOR 01
697443,RUA sRANHA 34 ENTRO
348134,AVENIxw SALVADOR 5568 PLsANALO
42133,AVEhIDA DOIS JUNHO None CENTRO CENTRO
586417,RUA MANOEL RODRIGUES DE SOúZA 195 BOSQUE
847980,RUA RUA JOAO 311 CENTRO
263994,RUA HBERET DE AZEVEDO 2857 LIBERDADE
83143,TRAVESSA QUARENTA E QUATRO 1286 0004 SEOTR
913281,BECO BORGES DE MEDEROS 11 SAOy JOfGE
577975,RUA IOLANDA LIMA LIMA 95 SOBRAL
396982,AVENIDA MATO GROSOS GROSOS 5788 çENfRO
805082,RUA dPgOMPILIO MARQUES 728 AJUARI dII
1081015,DOIzS RUA 211 ePTEROPOLIS
220802,RUA ABILIONASCIMENTO 4459 ACALDINHO
539905,AVNIDA OESET 48 TUCUMA
954280,RUA 15 19 CIDADE NOVA
1038771,CINCO 3 PARQUE 10 DE NOVEMBRO
190300,LINHA 12 SENTIDO JI PARANA 2 LINHA 12 SENTIDO JI PARANA
878125,AVENID IRâQUE 338 GILBERTO GILBERTO MESTRINHO
540158,VAENIDq RIO BRANCO 426 BAIRROw PAZ
660096,RI0 YáCO None BELA VISTA
908546,AVENIDA SENAOR ALVRAO MAIA 1914 CACfHOEIRINHA
783140,COMUNIDADE RECIFE None fECFE
127864,AVENIDA MARECHAL RONDON 2900 DOIS DE ABRIL
386066,CAXIAS ADUQUE RU DE 824 xSAOy JOSE
882380,AVENIDA LIBERDADE 50 MONTE DAS OLIVEIRAS
949954,RU A11 468 ALVOtADA
768495,RUA GENIPAPO 68 MAbE CREUZA
796502,RrUA 17 DE JULyHO 858 EDUARDO RBAGA I
772912,GETULIO VARGS 247 CENTRO
435536,RAU JAPîM 6013 SETOR 05
397301,MARECHAL DEODORi 4960 CsNTOR
708129,AVENIDA BENIyO CARMEOL DA SILVA ANTIGA AVENIDA NORTE SUL 916 BARRO SAO SAO SEBASTIAO
237045,RUA BRASIL 6493 CASTANHEIRA
1029024,RUA eCANELA 17 TEIXEIRA JOAO JORGE PAULO
40668,AVENID CSTELO BRANCO 18478 BAIRRO PRINCESA ISABEL
419059,LINHA140 USL 10 NOVO HiRIZONTE
879688,AVENIAD JAPRA 95 CêNTO
152934,RUA RIO XINGU 767 DOM BOnSOC
274818,DE JOSE RUA ALENCAR 3720 OLARIA
300265,RUA RIO GRANDE DO SUL 4021 ZONA SUL
395181,AVENIDA MANOEL DIAS DE ABREU 4192 CIDAD OVA
655535,RUA 1303 BOwQUE
707668,RUA ITAPiRU 62 IAPURU
1098806,URA FLAMENGO 167 CIDADE DE DEUS
243594,RUA CLEA lMERES 4408 AGENOR MD E CARVALHO
1001107,RUA PARANAENSE 686 CIDADE DE DEUS
410271,RUAC ANAL CENTAp None CENT
603752,RUA SEM DENOMINACAO 140 oALCAS
912850,vECO OBA SORTE 3 328 PRESIDENTE VARGAS
174977,LINHA MP 205 40 MACHADINHO
730236,RUA DO FLAMENGO II 222 SAMUEL AMARAL
464666,TRArxVESSAO 24 1585 ZONAA RURãL
955753,RUA 171 171 23 CIADE NOVA
858683,âVENkDA BOM PASTOR 10 COLONIA NOVs TERRA
528076,AVENIDA DIAMANTINO AUGUSTO DE MACEDO 101 CEgNTRO CEgNTRO
736387,LAhO LAhO MACARICO 44 MM0RI
753363,ESTRADjA COARI ITAPEUA 71 ESTRADA CORI
210910,PINHEIRO MACHAO 2663 EMBRATEL
1022132,URA BURITI 26 CIDADE NOVA
596707,RUA PROJETADA 70 VILA DA AMIZADE
768861,RU PïQUIA None MAE CREUZA
737453,RAMAL DO PEDRA 2201 RAMAL DO 14 DA RODOVIA AM 254
1045301,RUA çIRCLAR II None AMAZONINO MENDëS
611890,RUA CORONEL ALEXANDRINO 418 fBOSQyE
178442,RUA BARAO DO IO BRANCO 2413 lSETOR 14
269925,JEUQIE RUA 6579 CUNIjA
704787,hRU WIE 468 FILADEL1FIA
1005363,RUA B SETE 1605 JAPIIM
966578,RUA 33 20 NOVA IDADE
400164,LINHA LINHA 68 26 COMUNIDADE SANTA LUZIA
395456,LINHA 4 LINHA RIBEIRAO 19 ARARAS
472682,RUA SãMAMBAIA 2089 SET0 R4
804117,RUA NObA O|INDA 732 SAO CRIaTOVA
597544,RUA QUïNARI 639 TRIANGULO VELHO
932778,BECO VITORIA REGIA 160 FL0RêS
661319,RUA RUA AkIPIO ALVES 271 AVELIN OLEAL
1057570,RUA DA LIBERDADE 2 MAUAZINgHO
1106087,RUA GILBERTO MESTRINHO 518 CLONIA TERRA NOVA
183686,RUA DSO MIGRANTES 676 NOVA OUROg lRETO
1006472,tRU BAGE 1983 RêDECNAO
869968,AVNEIDA DJALMA BAgISTA 3000 PQ DEZ DE NOVElMBRO
185833,RUA JOSE CARLOS MESQUITA 428 JARDIMNOVO HOiRIZONTE
1122994,RUA ITAUBA 85 MONTE DAS OLIEVIRAS
463173,AVENIDA FAONSOe PENA 2023 CENTRO
1133296,RA JOAQUIM JOAQUIM SANTANA 352 NOVOv ALEIXO
143170,RUA IrE 2292 NOgA BRAISLIA
1053475,RUA UCRUREPA 32 MONTE DAS OLIVEIRASg
659120,FAZEhDA DO IRCAEMA 28 RACEMA
1113177,RUA RUA HUGO DE ABREU C 4 CORODAO
549420,RUA 7 DE SETEMBRO 720 ESPERANCA
3217,AVENIDA RONODNIA 4853 LïBERDADE
239196,RUA CAMPOFIORITO 3548 POgRTO
127489,AVENID AMARECHALR ONDON 756 CENTRO
1148564,RUA LUIZ ANTONY 157 CENRO
485323,TRAVESSA DANIEL DOMINGOS DE MELO MELO 40 BAIRRO ELDORADp
266624,RUA IRlS 4281 TIRADENTES
642321,COMUNIADE TREZE DE MãIO 25 RDRIGUES ALVSE
909688,BECO AJeURICABA 65 CENTRrO
470547,AVrNIDA VEREADOR eACYR JOSE DAMASCENO 1830 çENTR0
334261,BRASIL AVrENIDA 1168 VILA BANDEIRAt BRANCA
72741,RUA ROBSON FERREIRA 1194 CNTRO
671693,RAMA| mCAPIXABA None ROJETO TOCANTINS
262704,RUA GUANABARA 639 GROdSO
628753,TRAVESSA MáGNUEIRAS 62 VILA AClRE
573307,RUA FLAMENGO 339 LAEiRIA ALCANTRz
813836,RUA NOVO REAMNSOf 240 NOV OREMANS
539223,AVENIDA MARIA JOSE DE OLIVEIRA 1440 ûNIVERSITARIO ûNIVERSITARIO
177038,RUA DOS PIOnNEIROS 2817 SETOR 13
537720,AVENIDA DEMUNDO 21 SAO FRANCI$CO
943736,PASSAGEM ULISSES GUIMARAES 88 CIDâDE NOVA
747804,RUA LINO DE SOUZA 131 UNIAO
739570,CABECEIRA CAMcPINA 13 RIO MUTUCA
703612,TRAVESSAUMARIZAL 133 UMARIZAL UMARIZAL
948922,RUA 10 DE JANEIRO 222 MOhTE DAS OLIEVIRAS
836458,RUA URA J GADELHA 237 ERRA PRETA
916527,BECO Dá FEIRA 12 DISTRITO INDU5TRIAL
332751,SITIO BOA VïSTA None BAIXA VERDE
401029,RODOVIA BR 429 5 AVORADA DO gOESTE
92084,RUA SAOLUIS 3339 VISTA ALEGRE
52221,RUA ERNESTO DE LAZARI 3887 TEIXEIRAO
1001787,RUA AUSTRIA 481 mFLORES
670839,RUA JOSE DE SOUZA MEDEIROS 175 ACRE PROTO
1017278,RUA BOA VISTA 203 SAO RAIMUfNDO
156738,RUA VALMAR MEIRA 2073 NOVO JIPARANA
1081296,RUA DOIs 394 BAIRRO BAIRRO DAP AZ
3721,PRACA CASTE|O BRANCO 3961 CENTR
110632,RUA DILM AF DE OLIVEIRA 3785 ST0
662030,RAU rPAMINONDAS JACOME 66 CAOB
594323,RUA PERSEGONA 39 BOdQUE
150548,RUAPEDRO TIXEIRA 1437 sCENTRkO
965003,RUA 29 DE JULHO 179 TARUMA COMNUIDADE SAO PEDRO
365295,CORREIA AVENIDA JURACI MULHER None JARDIM ELDORsD
852106,ALAMEDA SANTO5 DUMONT None BAIRfO D PAZ
538200,AVENIDA EPAMINONDAS JACOME 1883 CAEDIA VE1HA
234187,RUA BEIRA RIO 18 SAO CARLOS
966429,RUA 32 32 34 NOVA CIDADE
509925,RUA CIURAO VERDE 44 CíTUROA
244736,RUA CRArO 7145 LAGOumHA
666245,ROOVIA 364 58 FLORESTA DOSh MiGNO
212820,AVENIDA RIO DE JAbEIRO 2844 MATO GR0SSO
1137556,RUA JOSE ROMfAO 138 TANCREDp NEVE
794700,AVNEIDA MARIO ANDREAZZA 2467 SAO CRISTOVAO
638579,RODOVIA AC 40 1724 RAMAL ITUCUMA
196047,AVENIDA BARO DE MELGACO 794 PIONEIROS
1056500,RUA DA ESTANAVE 12 fOMPENaA
247595,RUA DAS ALGAS 3176 ZONA ZONA xSUL
346095,AVENIDA NoTEROI 5127 PLAvNLTO
129783,RUA ANGEILM 291 JOdGE TEIXEIRA
559112,RUA BURITI 295 SANTA INES
986886,ALMIR PEDREIRA tUA 92 PETROPOLIS
133675,RúA CARLOS 1UZ 747 RIACHUELO
125125,AVENDIA EDSON LIMA DO NASCIMENTO NASCIMENTO 3634 PARQUE DOS PINEIROS
614522,RUA PADRE ANTONIrO 461 NOVO HORIZkNTE
355562,RA TOCANTíNS 4923 PLAALTO
765524,RUA RENE ELYV None SAO SAO FRmANCISCO
41016,zVENIDA CASTELO RANCO 20830 NOVOH ORIONTE
643840,RAMAL UANO 20 RODIRGUS ALVES
657588,RUA PADRE EGIDIO 155 CENTdO
206831,AVENIDA DOS IMIGRANTES None APONIz
57393,RAU MONTyEIRO LOBATO 3301 AIRRO FLwORESTA
1079211,RUA DOS 10 ALVORADâ
236112,BCOAIUVA 7700 NACIONAL
1120099,RUA IRANDUBA 2 JOSE SOA
1120478,tUA RANDUBA 425 TANCREDO NEVES COMûNIDADE NOVA CONQUIST
374223,RA 743 743 749 SEOTR 82
622214,TRAVESxA BOA ESPERANCA 71 ESiTACAp EXPERIMENTAL
512483,RyA MAmGUEIRA None LIIO DO VALE
1061251,RUA DALCIIDO JURANDIR 169 AMAZONINO MENDES II
368282,AVENIDA SABINO SABINO BEZERRA DE QhEIROZ 9113 vSETOR 12
178228,UATAPAJOS 3732 SlETiR 15
188160,RUA RIO DE JANERIO 130 JARDIM BANDEIRANTE
111471,RUA FRANCISCO PANTOJA 3400 ST 06 60
112250,JOAO ALBUQaUERQUE DE RUA 2988 SETOR 05
953213,RAU1 5 230 AMAZiNINO MENDES
349504,AVENIDA VINTE E CINCO DE AGOSTO 7210 CIDADf hALTA
204585,AVENIDA BRASILIA 2235 TUCUMANZAL
187857,RUA PRE5IDENTE MEDICE 1827 JARDIM NOVO HORIZONTE
809067,TRVESSA JOSE rOMAS DE AQUINO 2246 cBAIRRO CENTRO
674468,RUA PE AMARELO 1111 VILA DO NICRA
1107529,RUA GRAwNDE SANTã MARTA 17 COLONIà TERRA NOVA
521927,RUA AURELIANi MUNIZ DE ANDRADE 486 BAIRR0 SAO FRANCISCO
352278,RUhA CORUMBIARA 6570 BEIRA RIO
839415,RUA PROJETADA 1 852 SAO JOE
690894,RUA OZANES TUPINAMBAR NORE 345 AUàTZES
100657,AVENIDA PORTO CARRERIO None TAMANDAER
989632,RUA AMAZONAnw 235 COMPESA
751983,CAJU 26 RIO URUCU
235740,RUA BIU SAIAO 5971 PONIA
678797,RUA SOLIMOE5 9 AMATRUA
835708,RUA EZAN0R ATAIDE 1696 SAO JOSE
18877,RUA EVALDO dBENEVIDES None MARECHâL RONDON
912015,BiECO BEIRA RIO None COLONIA ANTONI ALEIXO
302309,RUA SAGITARIO 11376 PORTO VEHO
384261,RUAS êTECENTOS E TRINTA E SETE 1645 CRISTwO EI
990122,RUA AMAZONAS 643 COgMPENSA
286101,RUA MORDA NOVA 2674 PORT0 VELHO
35146,DESVIO LINHA LINHA C65 11 DESVIOr C
1038395,RUA CIDADE DO PORTO 390 NOVA NOVA NOVA CIDADE
1011762,RA BELEM 48 CIDADE DE DEsUS
617260,RUA SANTO ANTONIO None TAQURI
706431,RUA TIRADEzNTES TIRADEzNTES 103 BAIRR OSAO FRAbCISCO
896780,AVENIDA TARUMA 1846 PRACA 14 Dê JANEIRO
566751,RUA DEZENOVEj DE OUTUBRO 301 lUNIAO BOA
140363,RUA FEIJO 846 PIRMáVERA
763600,RUA SANTA 633 NOSSA SENHORA DE FATIMA
487866,RAMAL RAMAL DA BRAMA BRAMA 402 RAMAL DA BRAMA
690609,eUA MARIO HUMBERTO 160 BAIdRO SOA JOSE
643669,RAMALS0 PAULO 40 ALVES RODRIGUES
491939,PENA AFONSO AVENIDA AVENIDA 721 OJAO ALVES
375504,RUA AUGUSTO MAILOH 12494 JARDIM ELDORADO
427832,RUA SETE DE SETEMRBO 835 DISTRITO DE rTRIUNFO
549423,RUA 7 SETEMBRO 742 NOVA ESPwRAbCA
725580,krRUA COUTU VALE 33 ARARAS
901785,AVENIDA DESEMBARdGADOR JOAO MACHADO MACHADO 22 PLANALTO
895181,AVENIDA SETE DoE SEETMBRO 357 CENTRO
196671,AVEjIDA PASTOR JOSE ESCORICA NETO 999 VLIA N0VA
761020,RUA ANTONIO DE CASTRO CASTRO 758 ANTO ANTONIO
870774,AVENIDA DOS ROXINOIS 27 CIDADE DE DEUS
922773,BECO LOURIVA LPINHEIRO 463 PETROOLIS
639436,RUA DEOCLECIO MENDES 111 CECILIA CECILIA
104926,RU H3 625 CAETANO
666348,BR 364 9 TUâRE
637946,RAMAL SACRAMENTO None RAMzLq
814912,RIO JUgRnUA None TRES BOCA
1129244,RUA JEREMIAS 712 CIDADE DE DUES
88179,RAU 2843 BAIRRO CAIXA D AGUA
1146179,RUA LIVRAMENTO 55 GL0RIA
445834,RUA TRIDENTES None CENTRoO
527853,IO JURUA None FAZENDA O xRISTOVAO
539943,AVENIDA OESTE ESTE 486 yUCUMs
862685,AVENIDAr CEL TEIXEIRA AGORâ JOAO CAMARA PEREIRA 323 NOcO NOcO ALEIXO
789468,RkUAPARAIBA None COMUNIDADE DO ARIAi
477341,RAMAL DO CUMARU 39 CUMAh
666241,ROODVIA 364 53 FLORESTA MOGNO
238553,RUA CAETANO DONIZETE 5903 APONIA
182282,RUA ANA NERY 902 JARiDjM TROPICAL
1106782,kRUA GIOANIA 7 REDENACO
290746,UA PARANA 2255 NOVA NOVA PORTO xVELHO
875695,AEVNIDA GETULIO VARGA$ 1773 CENTRO
114699,RUA PRAs 1759 SETOR 04
854250,sAVENIDA ALTAZ MIRIM ANTIGA CIRCULA 18 SAO JOSE OlERARIO
27059,RoAU PARANA 3630 05
135064,RUA CEDRO 2270 NOSSA SENHORA DE FATIMA
981190,RiA ACRd 100 NOSSA 5ENHORA DAS GRACSA
295678,RUA POLUX 11429 PORTO VELHO
336608,AVENIDA SAO LUIZ 2203 ERsNANDES GONCALVES
697463,RA TUXAUA CAMNADRI 329 SAO SEBzSTIAO
544876,STRADA DO ACLAFATE 5722 BAIRRO SAO MIGUEL
418329,AVENIDA OSVALDpO PIANA FIL 5570 CENTRO
385567,RUA VAE DO GUAPORE GUAPORE None SETOR ZICO OU 26
168236,AVrENIDA PARAA 2668 CENTRO
718738,AVENIDA SILVERY NERY 27 IPIRANGA IPvIRANGA
107689,PRIMEIRO PEDRO AVENIDA DOM 2004 SEfOR 4
38394,RrUA TABsJARA 2901 CaENTRO
833873,RUA BENJMIN ROBERTO 1145 SAOJ OdE
342474,AVENIDA CUIABA 3379 CEcNTENARIO CEcNTENARIO
764245,RIt OEIRU 35 ARIINA
825101,RUA VALDOMIR CRUZ 2983 BAIRRO BARRA LIMPA
978874,RUA RUA A TREE 1249 JAIIPM
580701,RUA JOAQUIM AMCEDkO None SAO FRANCISCO
621622,TRAVESSA B 2 63 ESTACAjO
1105151,RUA GEISILENE FwRREIRA 8 SANTã ETELVINA
442130,AVENIDA PAU BRASIL BRASIL 5674 CENTfO
640769,GEISEL HERNESTO AVENIDA 484 RODRIGUES AVES
811670,RAMAL DO MAçACO CEGO 9 ESTRADA DE NOVO REANSsO
5843,LINH A156 5 ZONA RURAL
143365,dU AITAJAI 206 JARIDM PRESIDENCIAL
306614,SETE RUAc 5094 ZdNA SUL
1014395,RUA BNJAMIN CONSTANT 630 PETROPOLIS
205901,AVENIhDA SALES CAMPOS None AREA LAREAL
241493,RUA CASTRO ALVES 6030 SAO SEBASTAIO
55843,RUA LINHA 07 DE SETEMBRO 4878 VILAGE DO SOL
954806,RUA 16 333 ALOVRAyDA
357725,LINHA None ROLIM DE jkURA
920009,BECO FLAEMNGO 134 PETROPLIS
123568,AVENIDA BRASIL 212 NOVA
797466,RUA ALVARO FRANCA 1429 BAIRRO COLONIA
278703,RUA LUIS DE CAMOES 5850 ROI MADEIRw
631504,TRAVESSA SABIA 68 GERALDO FLEMvING
737590,RAMAL PROJETOASSENTAMENTO PANELAO 60 PROJETO DE ASSENTAMENTO PANELAO
91424,RUA DOUTOR MIGUEL Vk EFRREIRA OU RUA DAS NACOES UNIDAS 1009 VISThA ALEGRE ALEGRE
312676,RUA TUNídIA 6225 ZONA SUL
386303,RUA PRINCESA ISABEL 748 CENTRO
5261,ALDEIA SAO LUIS 1 ALTA FLiRbESTA
1125963,RUAJAFRA HEBRON None CIDADE N0VA
413829,RUA TERESIA TERESINA 945 CENTRO
468522,DE RUA NOVEMBRO QINZE None ALTO ALEGRf
474540,BRASIL BRASIL 785 AzCRELANDIA
350975,fA 7 70 CIDAmDE ALA
971889,59 10 NOVA CIDADE
1129594,RUA êJRICO 178 CIDADE DEUx DE
7492,AVENIDA BARSILIá 4717 RUAL JD ALORADA
1039811,RUA CINCO 44 CIDãDE D DEUS
347176,AVNEIDA AVNEIDA PORTO VELHO 4027 CENTRO
482244,RUA DUQUE DE CAXIAS 116 LEONARDO BARBOSA
218439,ESTRADA DO BELMONT None NACIONLA
607678,RUA UM 37 SOfAL
754413,RIO BACABARA 1 TAPIRo
1079055,RUA DS 8 BAIRRO DAiPAZ
307072,URA SHEILA REIGNA 5786 TEIEXIRmAO
236936,RUA OTdAFOGO 6395 AOGINHA
149226,RUA NEREU RAMOS RAMOS None RIACHULO
776217,RUA JAMARI 2442 NOVA ESPERANCA
1133602,RUAd JONAS DA SILVA 141 SAO FRANCISCO
1075797,RUA DO CAnPO 80 NOVO ALEIXO
935030,BECO SAO BENEDITO 80 SANTO COLONIA ANTONIO
951615,RUA 13 OUTUBRO 20 J0RGE TEIzEIRA 4 ETAPA
455801,LINHA LHFA 1 LNIAH F A
61747,RUA DOUTOR MIUEL VIEIRA FERREIRw 3838 TEIXëRAO
1079652,RhA DOIS 26 ALVORADA
31351,RUA TAGARA 374 JARDIM DAS PLMEIRSA
784384,AVENIDA CASTELO RANCO 320 CIDADE hOVA
472055,AVENIDA PARANA UO LINHA 200 None SETOR 1
958260,RUA 2 80 JORGE TEIXEIRA MONTE 5IAO
31315,RUA TBOCA 3880 $EOTR 2
605661,RUA fANCREDO LíMA DE SOUZA 934 AIRRO HELENA
1093575,RUA SPERNCA 59 ICDzADE NOVA
1026318,RUAC AJA MIRIM 16 TARUMA
439821,AVENlDA COSTA ê SILVA 776 NETRO
1085067,RUA DOS TREVOS 3 JORGE TEIXEIRA
719866,RUnA L 04 222 IPIRANGA
986032,RUA ALFAZEMA 113 JORGë TEIXEIRA
206264,AVENIDA CAMPOS SALES 1612 AREâL
362687,AVENIDA BENNO LUIS GRAEBIM 4327 JARDIM DAS OLIVEIRAS
839472,RUA PROETADA2 967 SAO OE
881157,AVENIDA JOSE DE ARIMATEIA None ALéIXO
734014,RU AGURUPA AGURUPA 178 CENTRO CENTRO
997118,RA ARAUJO FILHO 136 PTROPOLS
408912,AVENIDA PORTO VELHO 1738 SETOR 2
967739,RUãz 4 107 MANAUS
1008996,xRU ABARU 16 JORGE TEIXIERA
396947,AVENIzDA MATO GROSSO 5275 CENTRO
115484,RUA PLACIDO DE CASTRO 768 SETOR 20
192922,AVENíDA CASTELO BRANCO 1023 PIONEIROS
1100900,RUA FORTALEZA 639 ADRIANOPOLI5
478200,RAMAL LINAH 2 38 PROJETdO
347444,AVENIDA RECIwvE 3520 CENTENARIO
372365,174 RODOVIs 2773 PARQUE IND NOVO TEMP
663310,RUA MANOEL BAYMA 195 AVELINOLEAL
620636,TRAVESSA 21 DE ABRIL 54 CADEIA CADEIA VELHA
169461,AVENIDA MARzECHAL DUTRA 2450 CENTRO
1061589,RUA DALVA DE OLIVEIRA 61 NEVES TANCREDO
1109857,RUA GURUPI 111 BAIRRO DA PAZ
630057,TRAVESSA PAARIO 371 RêCANTO DOS BUIRTIS
1000073,RUA ARrUR VIRGILI0 NETO 52 NOVO ISRàEL
555817,BARRA DO SOL 292 BAIRRO CIDADd NOVA
1111040,RUA H 48 GLIBERTO MESTRINHO
417048,LINHA SEM DENOMINACAO 5 9 P BURITIS
144023,RUAJ OAO DOS SANTOS FILHO 1548 BEAL VISTAh
953767,RUA 15 DE NOVEMBRO 323 LtVORADA
952451,RUA 145 None CIDADE NOVA
715573,RUA TIAO LEITE 2 123 PRAIA DO GADO
9729,AVENIDA PEIRMETRAL LêSTE 1192 PARQUE DAS GEMlAS
77999,RUA RUA TAPUIAS 2704 çRUxEIRO
913021,BECO BOM JESUS None COROADO
168998,AVENíDA TANCREDO NEVëS 4854 BAIRRO BOM FUTURO
345130,AVENIDA MACEIO 6366 SAO CRjSgOVAO
1061269,RUA DALIDIO JURANDIyR 223 AMAZONINO MENDES II
1041142,RUA CINCO 792 JARDIM
549938,RUA ACACIA 66 RESIDENCpIAL JOAFRA
947981,RUA f1 128 ALVORADA
885623,N 419 ALVROADA
927297,BECOSAdNTA ANA 9 aALVOfRADA
325427,CHACARA LUZIA None BR 364 KM1 043
772567,BECO çHICO FIRMIO 343 SANTO ANTONIO
793253,RUA PAULï BANDEIRA 43 SAO SEBASTIAO
748836,RUA PLINIO RAMOS COELHO 741 CHAGAS AGUIAR
902531,AVENIDA DEwEMBARGADOR JOAO MAhCHADO 1556 ALVORADA
