id_x,endereco_x,id_lt_x,id_y,endereco_y,id_lt_y,score
134725,RUA CAUCHEIe 1878 NOVA BRAaILIA,0,773445,RUA ANTERO RICA 1679 NOVA HUMAITA,5354,0.09799989
134725,RUA CAUCHEIe 1878 NOVA BRAaILIA,0,147199,RUA MARACATIARA 1662 NOVA BRASILIA,5259,0.09883216
134725,RUA CAUCHEIe 1878 NOVA BRAaILIA,0,500026,RUA DO PARA 1820 CRUZEIRAO,4527,0.10049055
134725,RUA CAUCHEIe 1878 NOVA BRAaILIA,0,148982,RUA MOGNO 1653 NOVA BRASILIA,7868,0.10155375
134725,RUA CAUCHEIe 1878 NOVA BRAaILIA,0,136602,RUA CURITIBA 556 NOVA BRA ILIA,9413,0.1019468
831348,,1,469309,LINHA 66 230 None,2285,0.41498435
831348,,1,164312,LINHA 208 7 None,4387,0.44019926
831348,,1,330648,RUA 8 40 None,7188,0.44460928
831348,,1,64782,LINHA 04 62 None,3754,0.4459513
831348,,1,452374,LINHA P 06 6 None,93,0.44896716
128638,RUA 7 DE SETEMBRO 2171 CASA PRETA,2,128638,RUA 7 DE SETEMBRO 2171 CASA PRETA,260,1.170214e-05
128638,RUA 7 DE SETEMBRO 2171 CASA PRETA,2,154409,RUA SETE DE SETEMBRO 1758 CASA PRETA,5601,0.043808255
128638,RUA 7 DE SETEMBRO 2171 CASA PRETA,2,151283,RUA QUINZE DE NOVEMBRO 1651 CASA PRETA,470,0.062360287
128638,RUA 7 DE SETEMBRO 2171 CASA PRETA,2,297684,RUA QUINZE DE SETEMBRO 1711 CASTANHEIRA,9547,0.06603722
128638,RUA 7 DE SETEMBRO 2171 CASA PRETA,2,756192,RUA CINCO DE SETEMBRO 345 CODAJAS,5546,0.06626858
366915,AVENIDA PARANA OU 2710 2366 COHA,3,366915,AVENIDA PARANA OU 2710 2366 COHAB,7224,0.02971775
366915,AVENIDA PARANA OU 2710 2366 COHA,3,364334,AVENIDA FIORINDO SANTINI OU 1515 1751 CRISTO REI,5879,0.11205791
366915,AVENIDA PARANA OU 2710 2366 COHA,3,982788,RUA AGANA 33 NOVA CIDADE,8133,0.11508606
366915,AVENIDA PARANA OU 2710 2366 COHA,3,859888,AVENIDA BRASIL 1533 COMPENSA,76,0.12661263
366915,AVENIDA PARANA OU 2710 2366 COHA,3,877972,AVENIDA IGARAPE DO LEAO 585 ENFRETE ABR 174,2762,0.13332842
617222,RUA SANTA TEREZINHA 763 SEIS DE AGOdTO,4,617222,RUA SANTA TEREZINHA 763 SEIS DE AGOSTO,2409,0.019039812
617222,RUA SANTA TEREZINHA 763 SEIS DE AGOdTO,4,617192,RUA SANTA TEREZINHA 708 SEIS DE AGOSTO,1660,0.021653384
617222,RUA SANTA TEREZINHA 763 SEIS DE AGOdTO,4,616955,RUA SANTA TEREZINHA 25 06 DE AGOSTO,3130,0.045593552
617222,RUA SANTA TEREZINHA 763 SEIS DE AGOdTO,4,774288,RUA DA MATINHA 649 SANTO ANTONIO,6465,0.07152404
617222,RUA SANTA TEREZINHA 763 SEIS DE AGOdTO,4,757474,RUA QUINZE DE NOVEMBRO 413 CODAJAS,571,0.0756098
931225,BECO TARUMA 16 PRACA 14 DE JANEIRO,5,931225,BECO TARUMA 16 PRACA 14 DE JANEIRO,4577,1.5113666e-05
931225,BECO TARUMA 16 PRACA 14 DE JANEIRO,5,931233,BECO TARUMA 64 PRACA 14 DE JANEIRO,2773,0.019603092
931225,BECO TARUMA 16 PRACA 14 DE JANEIRO,5,911349,BECO BARCELOS 65 PRACA 14 DE JANEIRO,3990,0.05774431
931225,BECO TARUMA 16 PRACA 14 DE JANEIRO,5,933454,BECO MESTRE CHICO 2 2280 PRACA 14 DE JANEIRO,9025,0.07028332
931225,BECO TARUMA 16 PRACA 14 DE JANEIRO,5,932612,BECO VISCONDE 2016 PRACA 14 DE JANEIRO,7635,0.078211
891259,AVENIDA REAL 309 DISTRITO IDUSTRIA L1 E 2,6,891259,AVENIDA REAL 309 DISTRITO INDUSTRIAL 1 E 2,7922,0.047088407
891259,AVENIDA REAL 309 DISTRITO IDUSTRIA L1 E 2,6,883310,AVENIDA MANAUS DOIS MIL 2308 DISTRITO INDUSTRIAL 1,8079,0.082155466
891259,AVENIDA REAL 309 DISTRITO IDUSTRIA L1 E 2,6,565137,RUA DAMA DA NOITE 905 TROPICAL,5881,0.09015319
891259,AVENIDA REAL 309 DISTRITO IDUSTRIA L1 E 2,6,1098019,RUA FERREIRA 73 DISTRITO 1 E 2,795,0.09582822
891259,AVENIDA REAL 309 DISTRITO IDUSTRIA L1 E 2,6,213932,AVENIDA RIO MADEIRA 4069 INDUSTRIAL,2462,0.10156554
702817,RUA PEDRO LUIZ DA SILVA 107 COLONIA,7,702817,RUA PEDRO LUIZ DA SILVA 107 COLONIA,9353,9.3127255e-06
702817,RUA PEDRO LUIZ DA SILVA 107 COLONIA,7,531167,RUA OLIMPIO DA SILVA GOMES 1650 TAUMARTUGO,7327,0.05735565
702817,RUA PEDRO LUIZ DA SILVA 107 COLONIA,7,584762,RUA LUIZ DA SILVA 404 MANOEL JULIAO,6909,0.06194056
702817,RUA PEDRO LUIZ DA SILVA 107 COLONIA,7,511972,RUA FRANCISCO B. SOUZA 79 SATEL,3749,0.065157235
702817,RUA PEDRO LUIZ DA SILVA 107 COLONIA,7,585103,RUA LUZANIRA GOMES 30 BOSQUE,8625,0.06622315
679614,ITALIA NOVA RUâ 17 IGARAPE ACURUI,8,679614,RUA NOVA ITALIA 17 IGARAPE ACURUI,4006,0.108075105
679614,ITALIA NOVA RUâ 17 IGARAPE ACURUI,8,679634,RUA NOVA ITALIA 38 IGARAPE ACURUI,9518,0.11372181
679614,ITALIA NOVA RUâ 17 IGARAPE ACURUI,8,766241,RIO ITUCUMA 11 NOVA ESPERANCA,705,0.12600803
679614,ITALIA NOVA RUâ 17 IGARAPE ACURUI,8,773445,RUA ANTERO RICA 1679 NOVA HUMAITA,5354,0.12748164
679614,ITALIA NOVA RUâ 17 IGARAPE ACURUI,8,630298,TRAVESSA PICAPAU 58 SANTA INES,9789,0.12763393
660337,AVENIDA AVELINO LEAL 14 COPACABAAN,9,660337,AVENIDA AVELINO LEAL 14 COPACABANA,9217,0.010644044
660337,AVENIDA AVELINO LEAL 14 COPACABAAN,9,660500,AVENIDA AVELINO LEAL 1940 COPACABANA,9924,0.028817289
660337,AVENIDA AVELINO LEAL 14 COPACABAAN,9,660415,AVENIDA AVELINO LEAL 1061 COPACABANA,9471,0.030081244
660337,AVENIDA AVELINO LEAL 14 COPACABAAN,9,101462,AVENIDA ROCHA LEAL 150 TAMANDARE,2836,0.05687532
660337,AVENIDA AVELINO LEAL 14 COPACABAAN,9,781446,AVENIDA LELAND BARROSO 266 IPIXUNA,3768,0.05793503
617950,RúA SAO JOAO JOAO 277 FLORESTA SUL E SOBRAL,10,617950,RUA SAO JOAO 277 FLORESTA SUL E SOBRAL,4839,0.07542623
617950,RúA SAO JOAO JOAO 277 FLORESTA SUL E SOBRAL,10,677125,LAGO TEFE 37 SAO JOAO DO MIRITI,2461,0.10584766
617950,RúA SAO JOAO JOAO 277 FLORESTA SUL E SOBRAL,10,477360,RAMAL DO CUMARU OU LINHA 108 13 SAO JOAO DO BALANCEIO,5780,0.11394409
617950,RúA SAO JOAO JOAO 277 FLORESTA SUL E SOBRAL,10,644103,RIO VIUVA PARANA 34 SAO GERONIMO,3699,0.119470745
617950,RúA SAO JOAO JOAO 277 FLORESTA SUL E SOBRAL,10,737905,RIO P A E PANELAO 21 PA PANELAO,2528,0.12691098
860054,AVEgNIDA vBRASIL 2647 COMPENSA,11,913514,BECO BRASIL 6 COMPENSA,1836,0.10726635
860054,AVEgNIDA vBRASIL 2647 COMPENSA,11,909648,BECO AJURICABA 38 COMPENSA 1,1376,0.10848906
860054,AVEgNIDA vBRASIL 2647 COMPENSA,11,922542,BECO LADISLAU 13 COMPENSA,8843,0.11092973
860054,AVEgNIDA vBRASIL 2647 COMPENSA,11,417174,LINHA UNIAO 11 PA REVIVER,7688,0.1234953
860054,AVEgNIDA vBRASIL 2647 COMPENSA,11,913916,BECO BRASILEIA 2 COMPENSA,5270,0.1286484
140559,uRUA FERNANfAO 1010 DOM BOSCO,12,140559,RUA FERNANDAO 1010 DOM BOSCO,162,0.054479036
140559,uRUA FERNANfAO 1010 DOM BOSCO,12,256102,RUA FABIA 7650 TEIXEIRAO,9556,0.08775702
140559,uRUA FERNANfAO 1010 DOM BOSCO,12,140402,RUA FEIJO 1680 RIACHUELO,9697,0.087947056
140559,uRUA FERNANfAO 1010 DOM BOSCO,12,133263,RUA CAMPO MOURAO 2203 VALPARAISO,7142,0.08855746
140559,uRUA FERNANfAO 1010 DOM BOSCO,12,59597,RUA RIO NEGRO 2022 TEIXEIRAO,9066,0.091256894
935577,BECO SAO FRANCISCO 1 SNATOANTONIO,13,935577,BECO SAO FRANCISCO 1 SANTO ANTONIO,201,0.04163199
935577,BECO SAO FRANCISCO 1 SNATOANTONIO,13,935604,BECO SAO FRANCISCO 3 ADRIANOPOLIS,2642,0.046338618
935577,BECO SAO FRANCISCO 1 SNATOANTONIO,13,935659,BECO SAO FRANCISCO 7 SAO JOSE 2,5673,0.056834932
935577,BECO SAO FRANCISCO 1 SNATOANTONIO,13,928123,BECO SAO FRANCISCO 43 ARMANDO MENDES,9696,0.060709078
935577,BECO SAO FRANCISCO 1 SNATOANTONIO,13,935931,BECO SAO FRANCISCO 30 ALVORADA II,5488,0.061241798
1129296,RUAJERICO JERICO 11 NOSSA SENHROAm DE FATIMA 1,14,1129296,RUA JERICO 11 NOSSA SENHORA DE FATIMA 1,9187,0.07003949
1129296,RUAJERICO JERICO 11 NOSSA SENHROAm DE FATIMA 1,14,984547,RUA ALAMEDA ESPERANCA 92 NOSSA SENHORA DE FATIMA I,3684,0.079587825
1129296,RUAJERICO JERICO 11 NOSSA SENHROAm DE FATIMA 1,14,1090725,RUA EFESIOS 80 NOSSA SRA DE FATIMA,8896,0.08039127
1129296,RUAJERICO JERICO 11 NOSSA SENHROAm DE FATIMA 1,14,984539,RUA ALAMEDA ESPERANCA 3 NOSSA SENHORA DE FATIMA I,4600,0.080640376
1129296,RUAJERICO JERICO 11 NOSSA SENHROAm DE FATIMA 1,14,1090656,RUA EFESIOS 24 NOSSA SENHORA DE FATIMA 1,7870,0.0827685
656476,eU ASEM DENOMINACAO 5 20 ELGENIO ALGUSTO ALGUSTO AREãL,15,656476,RUA SEM DENOMINACAO 5 20 ELGENIO ALGUSTO AREAL,5856,0.11168471
656476,eU ASEM DENOMINACAO 5 20 ELGENIO ALGUSTO ALGUSTO AREãL,15,656552,RUA SEN DENOMINASAO 1511 ELGENIO ALGUSTO AREAL,1514,0.119653255
656476,eU ASEM DENOMINACAO 5 20 ELGENIO ALGUSTO ALGUSTO AREãL,15,252802,RUA ELIAS GORAYEB 2056 SAO CRISTOVAO,8677,0.14962843
656476,eU ASEM DENOMINACAO 5 20 ELGENIO ALGUSTO ALGUSTO AREãL,15,775514,RUA ESTANISLAU AFONSO 1154 SAO DOMINGOS SAVIO,2632,0.1522239
656476,eU ASEM DENOMINACAO 5 20 ELGENIO ALGUSTO ALGUSTO AREãL,15,656294,RUA S NOME 100 ELGENIO ALGUSTO AREAL,8413,0.15508084
449163,,16,469309,LINHA 66 230 None,2285,0.38821238
449163,,16,120745,LINHA 627 941 None,7835,0.40538895
449163,,16,650247,RAMAL LIMERA 11 BR317,5869,0.40874445
449163,,16,452374,LINHA P 06 6 None,93,0.42325693
449163,,16,164312,LINHA 208 7 None,4387,0.4286032
112678,RUA LEOMAR JOSE BARATELA 7210 CENTRO,17,112678,RUA LEOMAR JOSE BARATELA 7210 CENTRO,6723,6.284642e-06
112678,RUA LEOMAR JOSE BARATELA 7210 CENTRO,17,523514,RUA DOUTOR JOSE HASCHER 754 MANCIO LIMA,741,0.061241418
112678,RUA LEOMAR JOSE BARATELA 7210 CENTRO,17,130656,RUA ARGEMIRO LUIZ FONTOURA 3440 HABITAR BRASIL,3428,0.0653172
112678,RUA LEOMAR JOSE BARATELA 7210 CENTRO,17,680163,RUA MANUEL NAZARE CORDEIRO 583 ANAMA,7128,0.06599681
112678,RUA LEOMAR JOSE BARATELA 7210 CENTRO,17,680181,RUA MANUEL NAZARE CORDEIRO . 879 ANAMA,286,0.07405767
823673,RUA FRANCISsCO SIDRONïO 458 BAIRRO DA FpNTE,18,639183,RUA AVELINO SERRAO 478 SANTA CECILIA,9291,0.073013246
823673,RUA FRANCISsCO SIDRONïO 458 BAIRRO DA FpNTE,18,509979,RUA ESTRADA DO PENTENCOSTE 521 SANTA LUSIA,7228,0.073425576
823673,RUA FRANCISsCO SIDRONïO 458 BAIRRO DA FpNTE,18,824222,RUA JOSE REBOUCAS 2654 BAIRRO DE FATIMA,2126,0.07575603
823673,RUA FRANCISsCO SIDRONïO 458 BAIRRO DA FpNTE,18,667909,RUA EVARISTO S. DA SILVA 185 MULTIRAO,3246,0.07624597
823673,RUA FRANCISsCO SIDRONïO 458 BAIRRO DA FpNTE,18,502105,RUA JOSE S DA SILVA 160 VILA RICA,3224,0.078443825
1097326,RUA FABIO FABIO LCENA 52 CjDfADE NOVA,19,703361,RUA FREI LUDOVICO 404 COIMBRA,1828,0.09511762
1097326,RUA FABIO FABIO LCENA 52 CjDfADE NOVA,19,767947,RUA BOULEVARD ALVARO MAIA 599 FONTE BOA,3302,0.095183305
1097326,RUA FABIO FABIO LCENA 52 CjDfADE NOVA,19,1142362,RUA LAURA VINCUNA 36 C0ROADO,8531,0.09546845
1097326,RUA FABIO FABIO LCENA 52 CjDfADE NOVA,19,1113177,RUA HUGO DE ABREU C 4 COROADO,1662,0.096125275
1097326,RUA FABIO FABIO LCENA 52 CjDfADE NOVA,19,255581,RUA EUDOXIA BARROS 6577 APONIA,8798,0.101190336
274774,RUAJOSE DE ALaENCAR 3413 OLAIA,20,48592,RUA ANITA GARIBALDI 2945 TEIXEIRAO,243,0.096076965
274774,RUAJOSE DE ALaENCAR 3413 OLAIA,20,48557,RUA ANITA GARIBALDI 2641 TEIXEIRAO,6956,0.10000163
274774,RUAJOSE DE ALaENCAR 3413 OLAIA,20,1150777,RUA MACEIO 2186 ADRIANOPOLIS,4777,0.10208985
274774,RUAJOSE DE ALaENCAR 3413 OLAIA,20,241371,RUA CASTILHO 8636 TEIXEIRAO,5064,0.10252714
274774,RUAJOSE DE ALaENCAR 3413 OLAIA,20,255581,RUA EUDOXIA BARROS 6577 APONIA,8798,0.11299301
244896,jRUA CRISTALIA 4147 ZONA LESTE,21,244896,RUA CRISTALINA 4147 ZONA LESTE,9982,0.06555224
244896,jRUA CRISTALIA 4147 ZONA LESTE,21,241075,RUA CARUANA 4015 ZONA LESTE,3766,0.09534746
244896,jRUA CRISTALIA 4147 ZONA LESTE,21,226720,RUA ANAPOLIS 9722 ZONA LESTE,3095,0.0960569
244896,jRUA CRISTALIA 4147 ZONA LESTE,21,269434,RUA JARAGUA 4135 ZONA LESTE,2763,0.09617703
244896,jRUA CRISTALIA 4147 ZONA LESTE,21,267353,RUA ITUMBIARA 9433 ZONA LESTE,8049,0.096210666
393977,AVENIDA MANOEL MELGAR 6912 CENTRO,22,393977,AVENIDA MANOEL MELGAR 6912 CENTRO,7404,4.734309e-06
393977,AVENIDA MANOEL MELGAR 6912 CENTRO,22,396411,AVENIDA GETULHO VARGAS 4373 CENTRO,2214,0.054660127
393977,AVENIDA MANOEL MELGAR 6912 CENTRO,22,402126,AVENIDA MARECHAL RONDON 3452 CENTRO,9791,0.057380352
393977,AVENIDA MANOEL MELGAR 6912 CENTRO,22,335628,AVENIDA RUI BARBOSA 1548 CENTRO,4000,0.05754128
393977,AVENIDA MANOEL MELGAR 6912 CENTRO,22,99517,AVENIDA MENDONCA LIMA 787 CENTRO,8303,0.057614394
1021836,RUA BUENOS ARS 100 wNTONIO,23,145560,RUA JULIO PRESTES 171 RIACHUELO,7316,0.109896116
1021836,RUA BUENOS ARS 100 wNTONIO,23,1075117,RUA DO AREAL 210 COMPENSA,4903,0.113431185
1021836,RUA BUENOS ARS 100 wNTONIO,23,1031176,RUA CARLOS DIAS 71 CRESPO,1098,0.11427553
1021836,RUA BUENOS ARS 100 wNTONIO,23,1050442,RUA CRISTO REI 22 COMPENSA,5146,0.117441624
1021836,RUA BUENOS ARS 100 wNTONIO,23,1061663,RUA DAMASCO 25 PLANALTO,2322,0.118966796
133652,RUA CARLOS LUZ 266 RIACHUELO,24,133652,RUA CARLOS LUZ 266 RIACHUELO,9397,4.6211308e-06
133652,RUA CARLOS LUZ 266 RIACHUELO,24,133654,RUA CARLOS LUZ 276 RIACHUELO,6521,0.0034806163
133652,RUA CARLOS LUZ 266 RIACHUELO,24,240809,RUA CARMELIAS 6561 ELDORADO,6724,0.047910605
133652,RUA CARLOS LUZ 266 RIACHUELO,24,577443,RUA HUGO CARNEIRO 654 BOSQUE,3370,0.049964894
133652,RUA CARLOS LUZ 266 RIACHUELO,24,577451,RUA HUGO CARNEIRO 714 BOSQUE,2155,0.051729612
638579,RODOVA Av 40 1724 RAMAaL ITUdUMA,25,638579,RODOVIA AC 40 1724 RAMAL ITUCUMA,3788,0.0972549
638579,RODOVA Av 40 1724 RAMAaL ITUdUMA,25,650247,RAMAL LIMERA 11 BR317,5869,0.119167015
638579,RODOVA Av 40 1724 RAMAaL ITUdUMA,25,47353,RUA 7 1484 MOTOCROSS,128,0.1273408
638579,RODOVA Av 40 1724 RAMAaL ITUdUMA,25,635992,RAMAL ADOLFO 411 1 KM,1416,0.12830359
638579,RODOVA Av 40 1724 RAMAaL ITUdUMA,25,737063,RAMAL 14 12700 MAMORI,8346,0.1392944
427356,RUA MAJOR GUAPINDAIA 715 BAIRRO SATELITE,26,427356,RUA MAJOR GUAPINDAIA 715 BAIRRO SATELITE,2114,7.2010967e-06
427356,RUA MAJOR GUAPINDAIA 715 BAIRRO SATELITE,26,427323,RUA MAJOR GUAPINDAIA 291 BAIRRO SATELITE,3381,0.006681544
427356,RUA MAJOR GUAPINDAIA 715 BAIRRO SATELITE,26,428327,RUA MAJOR GUAPINDAIA 268 BAIRRO SATELITE,7681,0.011359195
427356,RUA MAJOR GUAPINDAIA 715 BAIRRO SATELITE,26,48508,RUA ANITA GARIBALDI 2163 BAIRRO FLORESTA,2422,0.058963664
427356,RUA MAJOR GUAPINDAIA 715 BAIRRO SATELITE,26,405181,RUA LIRIO 2167 BAIRO PRIMAVERA,3626,0.06354113
1023727,RUAi  132 ROGE TEIXEIRA,27,1023727,RUA C 132 JORGE TEIXEIRA,4239,0.06353637
1023727,RUAi  132 ROGE TEIXEIRA,27,597392,RUA Q 429 WILSSON RIBEIRO,1078,0.07547875
1023727,RUAi  132 ROGE TEIXEIRA,27,977486,RUA A 339 JORGE TEIXEIRA,9436,0.076103374
1023727,RUAi  132 ROGE TEIXEIRA,27,767132,RUA ACAI 211 MAE CREUZA,1804,0.08036338
1023727,RUAi  132 ROGE TEIXEIRA,27,798132,RUA ANTONIO RETO 143 IRACY,4880,0.08433694
39329,RUA PEREIRA MOTA 1947 PLANALTO SAO LUIZ,28,39329,RUA PEREIRA MOTA 1947 PLANALTO SAO LUIZ,8592,1.5846364e-05
39329,RUA PEREIRA MOTA 1947 PLANALTO SAO LUIZ,28,1029471,RUA CAPIM SANTO 170 JORGE TEIXEIRA JOAO PAULO,193,0.060289726
39329,RUA PEREIRA MOTA 1947 PLANALTO SAO LUIZ,28,1132083,RUA JOAO MENDONCA 74 BAIRRO PETROPOLIS,5385,0.067185275
39329,RUA PEREIRA MOTA 1947 PLANALTO SAO LUIZ,28,656375,RUA SAO PAULO 400 JARDIM PRIMAVERA,1496,0.067510396
39329,RUA PEREIRA MOTA 1947 PLANALTO SAO LUIZ,28,388373,AVENIDA CAPITAO SILVIO 1955 BAIRRO PLANALTO,5543,0.06965935
909319,BEC0 10 DE JLUHO 11 ALVADA,29,909319,BECO 10 DE JULHO 11 ALVORADA,2765,0.08504404
909319,BEC0 10 DE JLUHO 11 ALVADA,29,909648,BECO AJURICABA 38 COMPENSA 1,1376,0.12797987
909319,BEC0 10 DE JLUHO 11 ALVADA,29,104737,BECO 03 62 GUAJARA MIRIM,6661,0.13015735
909319,BEC0 10 DE JLUHO 11 ALVADA,29,919942,BECO FINAL DEZ 5 LIRIO DO VALE,3679,0.13457078
909319,BEC0 10 DE JLUHO 11 ALVADA,29,909388,BECO 18 DE OUTUBRO 24 COMPENSA,8601,0.13995203
71639,RU PAAMA 1622 CENTRO,30,678075,RUA ACURUI 1296 AMATURA,1452,0.107105106
71639,RU PAAMA 1622 CENTRO,30,773445,RUA ANTERO RICA 1679 NOVA HUMAITA,5354,0.11724377
71639,RU PAAMA 1622 CENTRO,30,678848,RUA SOLIMOES 1659 AMATURA,8277,0.11772236
71639,RU PAAMA 1622 CENTRO,30,157899,RUA XAPURI 1236 RIACHUELO,8443,0.123959236
71639,RU PAAMA 1622 CENTRO,30,728786,RIO PURUS 1 MONTE CIAO,9640,0.12645268
286354,RUA MUNIQUE 3198 CIDADENOVA,31,286354,RUA MUNIQUE 3198 CIDADE NOVA,3086,0.036178507
286354,RUA MUNIQUE 3198 CIDADENOVA,31,265907,RUA IMBITUBA 3293 CALADINHO,8404,0.05192668
286354,RUA MUNIQUE 3198 CIDADENOVA,31,837619,RUA LARANJAL 1134 CORRENTEZA,8274,0.055797435
286354,RUA MUNIQUE 3198 CIDADENOVA,31,240809,RUA CARMELIAS 6561 ELDORADO,6724,0.05698154
286354,RUA MUNIQUE 3198 CIDADENOVA,31,227574,RUA ANCHIETA 2080 MARIANA,6797,0.05967351
975792,RUA 9 407 LVORADA,32,975792,RUA 9 407 ALVORADA,3508,0.014458191
975792,RUA 9 407 LVORADA,32,975796,RUA 9 413 ALVORADA,7091,0.03195154
975792,RUA 9 407 LVORADA,32,975870,RUA 9 458 ALVORADA,2053,0.031963915
975792,RUA 9 407 LVORADA,32,953329,RUA 15 377 ALVORADA,4968,0.034812838
975792,RUA 9 407 LVORADA,32,973791,RUA 7 401 ALVORADA,962,0.03793224
1000406,,33,469309,LINHA 66 230 None,2285,0.433128
1000406,,33,120745,LINHA 627 941 None,7835,0.47131336
1000406,,33,164312,LINHA 208 7 None,4387,0.48137423
1000406,,33,330648,RUA 8 40 None,7188,0.48229045
1000406,,33,404423,LINHA LC85 102 LC85,7660,0.48607478
598228,RUA RADIO AFdOL 535 qGLROIA,34,330465,RUA 57A 8 NOVA MUTUM,6347,0.11470981
598228,RUA RADIO AFdOL 535 qGLROIA,34,330479,RUA 59A 2 NOVA MUTUM,2413,0.11651496
598228,RUA RADIO AFdOL 535 qGLROIA,34,678848,RUA SOLIMOES 1659 AMATURA,8277,0.11931904
598228,RUA RADIO AFdOL 535 qGLROIA,34,226878,RUA ANARI 558 B FLORESTA,4119,0.12304987
598228,RUA RADIO AFdOL 535 qGLROIA,34,143208,RUA IPE 2655 VALPARAISO,5416,0.12528366
104502,AVENIDA PRINCESA ISABEL 4617 GUAJARA MIRIM,35,104502,AVENIDA PRINCESA ISABEL 4617 GUAJARA MIRIM,5206,4.6636333e-06
104502,AVENIDA PRINCESA ISABEL 4617 GUAJARA MIRIM,35,104314,AVENIDA PRINCESA ISABEL 1702 GUAJARA MIRIM,3230,0.009555442
104502,AVENIDA PRINCESA ISABEL 4617 GUAJARA MIRIM,35,104274,AVENIDA PRINCESA ISABEL 1231 GUAJARA MIRIM,2185,0.009580306
104502,AVENIDA PRINCESA ISABEL 4617 GUAJARA MIRIM,35,104558,AVENIDA PRINCESA ISABEL 5150 GUAJARA MIRIM,8117,0.011749441
104502,AVENIDA PRINCESA ISABEL 4617 GUAJARA MIRIM,35,104426,AVENIDA PRINCESA ISABEL 3812 GUAJARA MIRIM,7998,0.013378894
151929,RUw RIO GRANDE DO USL 3411 BOA ESPERANCA,36,151929,RUA RIO GRANDE DO SUL 3411 BOA ESPERANCA,2737,0.10744877
151929,RUw RIO GRANDE DO USL 3411 BOA ESPERANCA,36,151938,RUA RIO GRANDE DO SUL 3484 BOA ESPERANCA,333,0.10909964
151929,RUw RIO GRANDE DO USL 3411 BOA ESPERANCA,36,766241,RIO ITUCUMA 11 NOVA ESPERANCA,705,0.1107552
151929,RUw RIO GRANDE DO USL 3411 BOA ESPERANCA,36,638407,RIO RIOZINHO DO ROLA 12 SEM,2818,0.124647245
151929,RUw RIO GRANDE DO USL 3411 BOA ESPERANCA,36,828844,RIO PURUS 1 SANTA CRUZ DO PASSIA,5837,0.13121362
459327,LINHA  38 PORTO MURTINHO,37,459327,LINHA 02 38 PORTO MURTINHO,6004,0.013533197
459327,LINHA  38 PORTO MURTINHO,37,459335,LINHA 02 52 PORTO MURTINHO,5953,0.026686043
459327,LINHA  38 PORTO MURTINHO,37,459367,LINHA 02 102 PORTO MURTINHO,6550,0.035259116
459327,LINHA  38 PORTO MURTINHO,37,459604,LINHA 04 B 72 PORTO MURTINHO,2770,0.03744352
459327,LINHA  38 PORTO MURTINHO,37,6607,LINHA P 42 40 RIO BRANCO,3652,0.074392736
12285,RUA 1089 SERO 02,38,372590,RUA 1205 584 SETOR 12,8743,0.13466486
12285,RUA 1089 SERO 02,38,405112,RUA H 3782 ALORADA,6270,0.14598507
12285,RUA 1089 SERO 02,38,594394,RUA PERU 282 HABITASA,9693,0.15077874
12285,RUA 1089 SERO 02,38,110294,RUA CEARA 3648 SETOR 5,2055,0.15121368
12285,RUA 1089 SERO 02,38,114699,RUA PARA 1759 SETOR 04,5700,0.15434064
914475,BECO 308 JAPjMI,39,922415,BECO JUPIS 60 JAPIIM,2590,0.11957559
914475,BECO 308 JAPjMI,39,914475,BECO CABRAL 308 JAPIIM,3578,0.12196262
914475,BECO 308 JAPjMI,39,925139,BECO PARA 8 JAPIIM,6393,0.13983712
914475,BECO 308 JAPjMI,39,914361,BECO CABRAL 25 JAPIIM,2401,0.14901711
914475,BECO 308 JAPjMI,39,919537,BECO ESPERANCA 19 JAPIIM,2023,0.15140724
875955,AENIDA AVENIDA GRANDE CIRCULAR 366 JORhE TEIXEIRAa COMUNIDADE CIDADE DE DEU,40,875955,AVENIDA GRANDE CIRCULAR 366 JORGE TEIXEIRA COMUNIDADE CIDADE DE DEU,4418,0.03760488
875955,AENIDA AVENIDA GRANDE CIRCULAR 366 JORhE TEIXEIRAa COMUNIDADE CIDADE DE DEU,40,856090,AVENIDA AUTAZ MIRIM ANTIGA GRANDE CIRCULAR 11045 JORGE TEIXEIRA COMUNIDADE CIDADE DE DEU,8859,0.06202145
875955,AENIDA AVENIDA GRANDE CIRCULAR 366 JORhE TEIXEIRAa COMUNIDADE CIDADE DE DEU,40,1017488,RUA BOCA DO ACRE 181 TANCREDO NEVES COMUNIDADE NOVA CONQUIST,7705,0.06950652
875955,AENIDA AVENIDA GRANDE CIRCULAR 366 JORhE TEIXEIRAa COMUNIDADE CIDADE DE DEU,40,1128247,RUA JARDIM PRIMAVERA 95 TARUMA COMUNIDADE SAO PEDRO,695,0.08450557
875955,AENIDA AVENIDA GRANDE CIRCULAR 366 JORhE TEIXEIRAa COMUNIDADE CIDADE DE DEU,40,990776,RUA AMBE 102 JORGE TEIXEIRA COMUNIDADE VAL PARAISO,6522,0.088525556
289872,RUA PADRE MESSIAS 2288 FLODOALDO PONTES,41,289872,RUA PADRE MESSIAS 2288 FLODOALDO PONTES PINTO,1603,0.0159662
289872,RUA PADRE MESSIAS 2288 FLODOALDO PONTES,41,289876,RUA PADRE MESSIAS 2319 FLODOALDO PONTES PINTO,2720,0.030993816
289872,RUA PADRE MESSIAS 2288 FLODOALDO PONTES,41,250105,RUA DO RUTILIO 4782 FLODOALDO PONTES PINTO,194,0.0541995
289872,RUA PADRE MESSIAS 2288 FLODOALDO PONTES,41,303538,RUA SAMUEL MENEZES 4809 FLODOALDO PONTES PINTO,1593,0.056000862
289872,RUA PADRE MESSIAS 2288 FLODOALDO PONTES,41,266312,RUA INDEPENCIA 4734 FLODOALDO PONTES PINTO,6769,0.05726327
463505,RUA JOSE JOSE MARTINS 243217 CERNTO,42,463505,RUA JOSE MARTINS 243217 CENTRO,7748,0.045965638
463505,RUA JOSE JOSE MARTINS 243217 CERNTO,42,378751,RUA JOSE GOMES FILHO 2213 BODANESE,5651,0.055569675
463505,RUA JOSE JOSE MARTINS 243217 CERNTO,42,463567,RUA LUIZ BORGES 243267 CENTRO,6414,0.058284156
463505,RUA JOSE JOSE MARTINS 243217 CERNTO,42,258225,RUA FRANCISCO BARROS 7336 TEIXEIRAO,1762,0.06252973
463505,RUA JOSE JOSE MARTINS 243217 CERNTO,42,282231,RUA MARIA DE LOURDES 7618 TEIXEIRAO,7789,0.06632057
947973,RUA 1 119 JORGE TEIXEIRA MONTE SIAO,43,947973,RUA 1 119 JORGE TEIXEIRA MONTE SIAO,4841,5.0580516e-06
947973,RUA 1 119 JORGE TEIXEIRA MONTE SIAO,43,967592,RUA 4 16 JORGE TEIXEIRA MONTE SIAO,7309,0.021180345
947973,RUA 1 119 JORGE TEIXEIRA MONTE SIAO,43,1086089,RUA DOZE 94 JORGE TEIXEIRA MONTE SIAO,6418,0.03624478
947973,RUA 1 119 JORGE TEIXEIRA MONTE SIAO,43,1071746,RUA DEZESSEIS 318 JORGE TEIXEIRA MONTE SIAO,13,0.041868478
947973,RUA 1 119 JORGE TEIXEIRA MONTE SIAO,43,1004420,RUA B 484 JORGE TEIXEIRA SANTA INES,9527,0.05573398
5006,RUA RUA TANCREDO NEVES 4131 ALTA CIDADE,44,5006,RUA TANCREDO NEVES 4131 CIDADE ALTA,8175,0.017375119
5006,RUA RUA TANCREDO NEVES 4131 ALTA CIDADE,44,265029,RUA HUMBERTO FLORENCIO 5862 CIDADE NOVA,9439,0.051814884
5006,RUA RUA TANCREDO NEVES 4131 ALTA CIDADE,44,154756,RUA TANCREDO NEVES 2549 NOVA LONDRINA,2242,0.05226027
5006,RUA RUA TANCREDO NEVES 4131 ALTA CIDADE,44,670976,RUA TANCREDO NEVES 1 791 PORTO ACRE,4866,0.05382131
5006,RUA RUA TANCREDO NEVES 4131 ALTA CIDADE,44,154684,RUA TANCREDO NEVES 1013 NOVA LONDRINA,9605,0.05420323
119966,INHA 755 ZONA RURAL,45,121344,LINHA 634 33000 ZONA RURAL,9897,0.10762903
119966,INHA 755 ZONA RURAL,45,119966,LINHA 210 755 ZONA RURAL,9041,0.107654594
119966,INHA 755 ZONA RURAL,45,121427,LINHA 634 56700 ZONA RURAL,1337,0.11586492
119966,INHA 755 ZONA RURAL,45,5616,LINHA 136 30 ZONA RURAL,1115,0.11769586
119966,INHA 755 ZONA RURAL,45,120492,LINHA 617 25 ZONA RURAL,8542,0.119351104
636430,RAMAL CARAO OU CASTANHEIRA 75 RAcNSACREANA,46,636430,RAMAL CARAO OU CASTANHEIRA 75 TRANSACREANA,562,0.038729653
636430,RAMAL CARAO OU CASTANHEIRA 75 RAcNSACREANA,46,627905,TRAVESSA JOAO LOPES 508 CALAFATE,9925,0.13411894
636430,RAMAL CARAO OU CASTANHEIRA 75 RAcNSACREANA,46,532507,RAMAL DO BAIANO 57 INVASAO DO HELENO,5068,0.13480212
636430,RAMAL CARAO OU CASTANHEIRA 75 RAcNSACREANA,46,911008,BECO AYRAO 250 CACHOEIRINHA,7053,0.13516855
636430,RAMAL CARAO OU CASTANHEIRA 75 RAcNSACREANA,46,477276,RAMAL DO BENGALA 90 PAD PEIXOTO,7266,0.13579628
217271,BECO SEMc DENOMIANCAO 1353 JOAO BOSCO BOSCO,47,217271,BECO SEM DENOMINACAO 1353 SAO JOAO BOSCO,2560,0.05511938
217271,BECO SEMc DENOMIANCAO 1353 JOAO BOSCO BOSCO,47,542370,BECO SEM DENOMINACAO 153 MAURO BITTA,977,0.072010875
217271,BECO SEMc DENOMIANCAO 1353 JOAO BOSCO BOSCO,47,635234,BECO SEM DENOMINACAO 11 CALADINHO,6201,0.07576816
217271,BECO SEMc DENOMIANCAO 1353 JOAO BOSCO BOSCO,47,660939,BECO SEM DENOMINACAO 3 7 COPACABANA,4535,0.08282641
217271,BECO SEMc DENOMIANCAO 1353 JOAO BOSCO BOSCO,47,542153,BECO SEM DENIMINACAO 20 VITORIA,3203,0.09361862
1124277,UA n 56 ALVORADA,48,850271,ALAMEDA A 9 ALVORADA,3423,0.13712218
1124277,UA n 56 ALVORADA,48,973748,RUA 7 366 ALVORADA,9457,0.14098704
1124277,UA n 56 ALVORADA,48,950726,RUA 12 463 ALVORADA,5149,0.1425186
1124277,UA n 56 ALVORADA,48,971989,RUA 6 5 ALVORADA,4036,0.14326513
1124277,UA n 56 ALVORADA,48,948869,RUA 10 760 ALVORADA,5927,0.14432183
430170,RUA DAS CEREJEIRAS 1018 CENTRO,49,430170,RUA DAS CEREJEIRAS 1018 CENTRO,4529,1.3447473e-05
430170,RUA DAS CEREJEIRAS 1018 CENTRO,49,437801,RUA CEREJEIRAS 2755 CENTRO,8170,0.047894876
430170,RUA DAS CEREJEIRAS 1018 CENTRO,49,248127,RUA DAS FLORES 1264 CENTRO,9571,0.058205307
430170,RUA DAS CEREJEIRAS 1018 CENTRO,49,774613,RUA DAS FLORES 194 CENTRO,1099,0.060196124
430170,RUA DAS CEREJEIRAS 1018 CENTRO,49,430002,AVENIDA DAS OLIVEIRAS 2087 CENTRO,9363,0.061331328
456783,SAO FRANCICO 3903 IDADd BAIXA,50,928170,BECO SAO FRANCISCO 65 CHAPADA,8786,0.100213915
456783,SAO FRANCICO 3903 IDADd BAIXA,50,458236,RUA SAO PAULO 3891 CIDADE BAIXA,6458,0.10078596
456783,SAO FRANCICO 3903 IDADd BAIXA,50,928116,BECO SAO FRANCISCO 41 REDENCAO,6659,0.111431986
456783,SAO FRANCICO 3903 IDADd BAIXA,50,928129,BECO SAO FRANCISCO 50 REDENCAO,2246,0.11662623
456783,SAO FRANCICO 3903 IDADd BAIXA,50,928331,BECO SAO FRANCISCO 400 CHAPADA,4918,0.1168119
172305,RûA RIOq BRANCO 3957 NIAO,51,766204,RIO ITUCUMA 3 BARROSO,8815,0.12272884
172305,RûA RIOq BRANCO 3957 NIAO,51,780383,RIO MADEIRA 17 ESCAPOLE,5880,0.12463554
172305,RûA RIOq BRANCO 3957 NIAO,51,524782,RIO AZUL 3 BURITI,556,0.12538391
172305,RûA RIOq BRANCO 3957 NIAO,51,728786,RIO PURUS 1 MONTE CIAO,9640,0.12794779
172305,RûA RIOq BRANCO 3957 NIAO,51,828992,RIO PURUS 37 MADEIRINHO,8178,0.13242604
975796,RUAp 9 413 ALVORADA,52,975796,RUA 9 413 ALVORADA,7091,0.008633427
975796,RUAp 9 413 ALVORADA,52,975792,RUA 9 407 ALVORADA,3508,0.0191442
975796,RUAp 9 413 ALVORADA,52,973791,RUA 7 401 ALVORADA,962,0.02404077
975796,RUAp 9 413 ALVORADA,52,973782,RUA 7 396 ALVORADA,5514,0.026352944
975796,RUAp 9 413 ALVORADA,52,973748,RUA 7 366 ALVORADA,9457,0.027200721
898291,,53,469309,LINHA 66 230 None,2285,0.40839112
898291,,53,120745,LINHA 627 941 None,7835,0.42507678
898291,,53,164312,LINHA 208 7 None,4387,0.43743306
898291,,53,650247,RAMAL LIMERA 11 BR317,5869,0.44034073
898291,,53,737063,RAMAL 14 12700 MAMORI,8346,0.4565307
1017888,zRhA BOM JARDIM 30 PETROPfOLIS,54,754284,PARADOURO COPEA 3 NOVA JERUSALEM,5252,0.10209054
1017888,zRhA BOM JARDIM 30 PETROPfOLIS,54,766204,RIO ITUCUMA 3 BARROSO,8815,0.11314814
1017888,zRhA BOM JARDIM 30 PETROPfOLIS,54,926246,BECO RAQUEL 36 PETROPOLIS,4589,0.11804007
1017888,zRhA BOM JARDIM 30 PETROPfOLIS,54,931488,BECO TIRADENTES 33 PETROPOLIS,4585,0.119532764
1017888,zRhA BOM JARDIM 30 PETROPfOLIS,54,828471,RAMAL REMANCINHO 73 NOVA LABREA,9223,0.124287434
459899,bLINHA 07 18 ASSENTAMENTOC AUTARINO,55,459899,LINHA 07 18 ASSENTAMENTO CAUTARINO,7713,0.09219776
459899,bLINHA 07 18 ASSENTAMENTOC AUTARINO,55,459932,LINHA 07 37 ASSENTAMENTO CAUTARINO,2144,0.09820203
459899,bLINHA 07 18 ASSENTAMENTOC AUTARINO,55,921005,BECO INDEPENDENCIA 8 ALVORADA,8559,0.11632885
459899,bLINHA 07 18 ASSENTAMENTOC AUTARINO,55,173447,LINHA GLEBA 04 OU R0 133 2 MACHADINHO,6433,0.12137654
459899,bLINHA 07 18 ASSENTAMENTOC AUTARINO,55,339159,LINHA 110 2820 NOVO RIACHUELO,1525,0.12156301
296253,RUA PORTyGAL 2413 PEDRIxNHAsS,56,241371,RUA CASTILHO 8636 TEIXEIRAO,5064,0.09904975
296253,RUA PORTyGAL 2413 PEDRIxNHAsS,56,133741,RUA CASCAVEL 2071 VALPARAISO,6762,0.10101193
296253,RUA PORTyGAL 2413 PEDRIxNHAsS,56,290293,RUA PANTEON 6914 IGARAPE,7020,0.1045529
296253,RUA PORTyGAL 2413 PEDRIxNHAsS,56,143208,RUA IPE 2655 VALPARAISO,5416,0.10696473
296253,RUA PORTyGAL 2413 PEDRIxNHAsS,56,129912,RUA ANGELIM 3016 VALPARAISO,6398,0.112805784
520906,AVEINDA JAPIIM 9 CëNTO,57,520906,AVENIDA JAPIIM 9 CENTO,4865,0.10689038
520906,AVEINDA JAPIIM 9 CëNTO,57,658502,TRAVESSA JURANDI 73 NITEROI,7604,0.11291957
520906,AVEINDA JAPIIM 9 CëNTO,57,630298,TRAVESSA PICAPAU 58 SANTA INES,9789,0.11732196
520906,AVEINDA JAPIIM 9 CëNTO,57,888511,AVENIDA PENETRACAO UM 1297 JAPIIM,1848,0.11852418
520906,AVEINDA JAPIIM 9 CëNTO,57,627614,TRAVESSA JERUSALEM 17 AIRTON SENA,3488,0.12305107
122257,RUA RUA OAVO PIRES 2527 BAIRRO JARDIM DO ESTADOoS,58,122257,RUA OLAVO PIRES 2527 BAIRRO JARDIM DO ESTADOS,816,0.03566241
122257,RUA RUA OAVO PIRES 2527 BAIRRO JARDIM DO ESTADOoS,58,122260,RUA OLAVO PIRES 2571 BAIRRO JARDIM DO ESTADOS,4010,0.044764414
122257,RUA RUA OAVO PIRES 2527 BAIRRO JARDIM DO ESTADOoS,58,122269,RUA OLAVO PIRES 2658 BAIRRO JARDIM DO ESTADOS,3827,0.044884786
122257,RUA RUA OAVO PIRES 2527 BAIRRO JARDIM DO ESTADOoS,58,824222,RUA JOSE REBOUCAS 2654 BAIRRO DE FATIMA,2126,0.06114634
122257,RUA RUA OAVO PIRES 2527 BAIRRO JARDIM DO ESTADOoS,58,183922,RUA DOS SERINGUEIROS 2295 BAIRRO JARDIM NOVO ESTADO,8337,0.06550839
676870,LAGO LAGO DE TEFE ITAPIRANEMA 4 ITAPIRANEMA,59,676870,LAGO LAGO DE TEFE ITAPIRANEMA 4 ITAPIRANEMA,8271,1.2881917e-05
676870,LAGO LAGO DE TEFE ITAPIRANEMA 4 ITAPIRANEMA,59,736731,LAGO PANEMA 5 PANEMA,2800,0.09335011
676870,LAGO LAGO DE TEFE ITAPIRANEMA 4 ITAPIRANEMA,59,736256,LAGO LAGO DO JANAUACA 543 JANAUACA,9626,0.09361284
676870,LAGO LAGO DE TEFE ITAPIRANEMA 4 ITAPIRANEMA,59,721894,LAGO PURUZINHO 1 LAGO DO CENTRO,5264,0.102223784
676870,LAGO LAGO DE TEFE ITAPIRANEMA 4 ITAPIRANEMA,59,707205,LAGO COUNIDADE DO CASTANHEIRAO 30 COMUNIDADE DO CASTANHEIRAO,8490,0.10888121
261070,RUw GETULIO VARGAS 2924 SAO CRISTOVAO,60,261070,RUA GETULIO VARGAS 2924 SAO CRISTOVAO,6301,0.062424455
261070,RUw GETULIO VARGAS 2924 SAO CRISTOVAO,60,261069,RUA GETULIO VARGAS 2914 SAO CRISTOVAO,608,0.06908699
261070,RUw GETULIO VARGAS 2924 SAO CRISTOVAO,60,935484,BECO SAO DOMINGOS 118 PRESIDENTE VARGAS,223,0.080486
261070,RUw GETULIO VARGAS 2924 SAO CRISTOVAO,60,495899,RAMAL JOSE MARTINS 153 SAO CRISTOVAO,8783,0.08200686
261070,RUw GETULIO VARGAS 2924 SAO CRISTOVAO,60,935421,BECO SAO DOMINGOS 55 PRESIDENTE VARGAS,3019,0.08369345
761793,RUA FRANCISCO ALVEa DA CONCEICAO 1149 ONSSA SENHORA DE FATIMA,61,761793,RUA FRANCISCO ALVES DA CONCEICAO 1149 NOSSA SENHORA DE FATIMA,6481,0.039602533
761793,RUA FRANCISCO ALVEa DA CONCEICAO 1149 ONSSA SENHORA DE FATIMA,61,761745,RUA FRANCISCO ALVES DA CONCEICAO 587 NOSSA SENHORA DE FATIMA,6758,0.045123313
761793,RUA FRANCISCO ALVEa DA CONCEICAO 1149 ONSSA SENHORA DE FATIMA,61,731840,RUA PADRE DAMIAO 377 NOSSA SENHORA DE FATIMA,9359,0.06316747
761793,RUA FRANCISCO ALVEa DA CONCEICAO 1149 ONSSA SENHORA DE FATIMA,61,761814,RUA GETULIO VARGAS 35 NOSSA SENHORA DE FATIMA,5952,0.07738106
761793,RUA FRANCISCO ALVEa DA CONCEICAO 1149 ONSSA SENHORA DE FATIMA,61,903993,AVENIDA NOSSA SENHORA DA CONCEICAO 898 JORGE TEIXEIRA CIDADE DE DEUS,6038,0.08103077
744994,RUA DOIS DE AGOxTO 706 TwUA MIRIM,62,744994,RUA DOIS DE AGOSTO 706 TAUA MIRIM,3880,0.061764166
744994,RUA DOIS DE AGOxTO 706 TwUA MIRIM,62,744978,RUA DOIS DE AGOSTO 668 TAUA MIRIM,8283,0.06349555
744994,RUA DOIS DE AGOxTO 706 TwUA MIRIM,62,745140,RUA DOIS DE DEZEMBRO 515 TAUA MIRIM,2035,0.08635783
744994,RUA DOIS DE AGOxTO 706 TwUA MIRIM,62,745385,RUA DORVAL MELO 59 TAUA MIRIM,8865,0.08943559
744994,RUA DOIS DE AGOxTO 706 TwUA MIRIM,62,498897,RUA DJAUMA DUTRA 1743 AV 25 DE AGOSTO,3447,0.09883849
1018714,JEShS BOM RUA 300 NOVO ISRAEL,63,1142294,RUA LAUDICEIA 36 NOVO ISRAEL,238,0.100628704
1018714,JEShS BOM RUA 300 NOVO ISRAEL,63,1082806,RUA DOROTEIA 7 NOVO ISRAEL,8125,0.10615798
1018714,JEShS BOM RUA 300 NOVO ISRAEL,63,131684,RUA BEM TE VI 312 NOVO URUPA,932,0.11178501
1018714,JEShS BOM RUA 300 NOVO ISRAEL,63,1082804,RUA DOROTEIA 2 NOVO ISRAEL,8286,0.1123402
1018714,JEShS BOM RUA 300 NOVO ISRAEL,63,927250,BECO SAMAUMA 4 NOVA CIDADE,3894,0.116947696
487974,,64,469309,LINHA 66 230 None,2285,0.39063722
487974,,64,120745,LINHA 627 941 None,7835,0.40351948
487974,,64,330648,RUA 8 40 None,7188,0.4156987
487974,,64,64775,LINHA 04 51 None,2993,0.41959888
487974,,64,164312,LINHA 208 7 None,4387,0.424087
848582,E$TRADA DO 21 AM 354,65,792464,RAMAL DO 13 95 COLONIA ABE,4330,0.16218394
848582,E$TRADA DO 21 AM 354,65,620729,TRAVESSA 8 IRMAOS 212 VILA ACRE,6155,0.17981817
848582,E$TRADA DO 21 AM 354,65,650247,RAMAL LIMERA 11 BR317,5869,0.18301386
848582,E$TRADA DO 21 AM 354,65,966082,RUA 31 9 TARUMA ACU,6596,0.18755415
848582,E$TRADA DO 21 AM 354,65,63867,TRAVESSA 1 145 SAUDE,9553,0.20949712
1097156,RA F OITI 97 CIDArE,66,1024860,RUA C NOVE 130 JAPIIM,4113,0.18219224
1097156,RA F OITI 97 CIDArE,66,1115131,RUA I 359 CJ HILEIA,4927,0.19364396
1097156,RA F OITI 97 CIDArE,66,1024135,RUA C 1 6 PARQUE 10,3158,0.19521332
1097156,RA F OITI 97 CIDArE,66,1024694,RUA C DEZ 1482 JAPIIM,5237,0.19973995
1097156,RA F OITI 97 CIDArE,66,1118695,RUA INHAPI ANTIGA A 10 357 ALVORADA,7662,0.20530447
135482,RUA CHICO MENDES 461 PARQUE SAO PEDRO,67,135482,RUA CHICO MENDES 461 PARQUE SAO PEDRO,8415,1.42524605e-05
135482,RUA CHICO MENDES 461 PARQUE SAO PEDRO,67,135469,RUA CHICO MENDES 359 PARQUE SAO PEDRO,9908,0.008596626
135482,RUA CHICO MENDES 461 PARQUE SAO PEDRO,67,139214,RUA DOS COLEGIAIS 506 PARQUE SAO PEDRO,2736,0.055611093
135482,RUA CHICO MENDES 461 PARQUE SAO PEDRO,67,139285,RUA DOS COLEGIAIS 1184 PARQUE SAO PEDRO,214,0.056229137
135482,RUA CHICO MENDES 461 PARQUE SAO PEDRO,67,139247,RUA DOS COLEGIAIS 890 PARQUE SAO PEDRO,4080,0.05886548
479675,RUA FRANCISCO DA CHqAGAS 1120 dASCATA,68,516965,RUA JOSE P DAS CHAGAS 260 NAIR ARAUJO,3564,0.08241227
479675,RUA FRANCISCO DA CHqAGAS 1120 dASCATA,68,479675,RUA FRANCISCO DAS CHAGAS 1120 CASCATA,9830,0.091070935
479675,RUA FRANCISCO DA CHqAGAS 1120 dASCATA,68,1142362,RUA LAURA VINCUNA 36 C0ROADO,8531,0.092051715
479675,RUA FRANCISCO DA CHqAGAS 1120 dASCATA,68,553555,RUA ANTONIO P DA SILVA 288 JORGE LAVOCAT,2453,0.09706426
479675,RUA FRANCISCO DA CHqAGAS 1120 dASCATA,68,653046,RUA AUGUSTO VASCONCELOS 535 CAFEZAL,9500,0.102973476
202479,RUA PADRE FEIJO 1045 VIpAs NOVA,69,202479,RUA PADRE FEIJO 1045 VILA NOVA,116,0.0416419
202479,RUA PADRE FEIJO 1045 VIpAs NOVA,69,815701,RUA PADRE PEREIRA 16 TERRA NOVA,8494,0.07519547
202479,RUA PADRE FEIJO 1045 VIpAs NOVA,69,1033535,RUA CASTRIO ALVES 28 COROADO,4105,0.07530397
202479,RUA PADRE FEIJO 1045 VIpAs NOVA,69,1025511,RUA CACAU PEREIRA 119 TERRA NOVA,4257,0.07657318
202479,RUA PADRE FEIJO 1045 VIpAs NOVA,69,585511,RUA MADEREIRA 118 NOVO CALAFATE,6120,0.07684061
834680,RUAr CLETO BARRSOO 2036 PAARECïDA,70,48557,RUA ANITA GARIBALDI 2641 TEIXEIRAO,6956,0.07924385
834680,RUAr CLETO BARRSOO 2036 PAARECïDA,70,840518,RUA SOLIMOES 1739 CORRENTEZA,8279,0.07929505
834680,RUAr CLETO BARRSOO 2036 PAARECïDA,70,48592,RUA ANITA GARIBALDI 2945 TEIXEIRAO,243,0.080240875
834680,RUAr CLETO BARRSOO 2036 PAARECïDA,70,256102,RUA FABIA 7650 TEIXEIRAO,9556,0.08433159
834680,RUAr CLETO BARRSOO 2036 PAARECïDA,70,309216,RUA TARTARUGA 2122 RONALDO ARAGAO,6164,0.085528955
413585,ReUA RONDONIA 2209 SéTOe 6,71,405112,RUA H 3782 ALORADA,6270,0.13172363
413585,ReUA RONDONIA 2209 SéTOe 6,71,143208,RUA IPE 2655 VALPARAISO,5416,0.13812318
413585,ReUA RONDONIA 2209 SéTOe 6,71,958450,RUA 2 424 ALVORADA,8212,0.14398879
413585,ReUA RONDONIA 2209 SéTOe 6,71,1116808,RUA III 37 REDENCAO,8144,0.15491836
413585,ReUA RONDONIA 2209 SéTOe 6,71,33074,RUA VIOLTETA 5897 RURAL,684,0.1552207
30767,,72,469309,LINHA 66 230 None,2285,0.38761634
30767,,72,120745,LINHA 627 941 None,7835,0.39444524
30767,,72,164312,LINHA 208 7 None,4387,0.40199155
30767,,72,443828,LINHA 6 95 None,9486,0.41744763
30767,,72,452374,LINHA P 06 6 None,93,0.42899346
441332,RU ASETE DE SETEMBRO 1249 CNTRO,73,978876,RUA A TREZE 1252 JAPIIM,9560,0.16862372
441332,RU ASETE DE SETEMBRO 1249 CNTRO,73,678848,RUA SOLIMOES 1659 AMATURA,8277,0.17673019
441332,RU ASETE DE SETEMBRO 1249 CNTRO,73,1024860,RUA C NOVE 130 JAPIIM,4113,0.1825599
441332,RU ASETE DE SETEMBRO 1249 CNTRO,73,16802,RUA CURIO 916 NOVE,7232,0.18441403
441332,RU ASETE DE SETEMBRO 1249 CNTRO,73,978684,RUA A QUATRO 1106 JAPIIM,1450,0.18795422
112042,RUA JOAO ATISfA 3448 SETRO 01,74,82041,AVENIDA JOAO PSURIADAKIS 2148 SETOR 0009,4958,0.082646444
112042,RUA JOAO ATISfA 3448 SETRO 01,74,82013,AVENIDA JOAO PSURIADAKIS 1155 SETOR 0007,1328,0.08416423
112042,RUA JOAO ATISfA 3448 SETRO 01,74,550489,RUA ADERBAL BRASIL 119 MANOEL JULIAO,9810,0.08637545
112042,RUA JOAO ATISfA 3448 SETRO 01,74,48269,RUA ANISIO SERRAO 1136 PRINCESA ISABEL,6615,0.08778867
112042,RUA JOAO ATISfA 3448 SETRO 01,74,435056,RUA GAVIAO - REAL 2631 SETOR 05,1534,0.09051564
738110,RODOVIA BR 319a 9 OMNIDADE SAO JOAO,75,738110,RODOVIA BR 319 9 COMUNIDADE SAO JOAO,4670,0.038877174
738110,RODOVIA BR 319a 9 OMNIDADE SAO JOAO,75,780917,RODOVIA OUTROS BR 319 49 SAO JOAO,4180,0.055204228
738110,RODOVIA BR 319a 9 OMNIDADE SAO JOAO,75,478940,RODOVIA BR 364 96 SAO JOAO DO BALANCEI,4653,0.076858446
738110,RODOVIA BR 319a 9 OMNIDADE SAO JOAO,75,478923,RODOVIA BR 364 24 SAO JOAO DO BALANCEIO,5735,0.09332758
738110,RODOVIA BR 319a 9 OMNIDADE SAO JOAO,75,732309,ESTRADA D0 GAVIAO 191 ESTRADA DO GAVIAO,2117,0.09429989
566013,RUA DAS PLACAS 2338 ADALBERTO SENA,76,566013,RUA DAS PLACAS 2338 ADALBERTO SENA,2697,3.8087012e-06
566013,RUA DAS PLACAS 2338 ADALBERTO SENA,76,565996,RUA DAS PLACAS 2338 ADALBERTO SENA,6529,0.008129154
566013,RUA DAS PLACAS 2338 ADALBERTO SENA,76,565983,RUA DAS PLACAS 2338 ADALBERTO SENA,8823,0.008186345
566013,RUA DAS PLACAS 2338 ADALBERTO SENA,76,565999,RUA DAS PLACAS 2338 ADALBERTO SENA,1841,0.009073023
566013,RUA DAS PLACAS 2338 ADALBERTO SENA,76,565669,RUA DAS ORQUIDEAS 128 ADALBERTO SENA,1374,0.058617916
56059,RUA LIUZ ARLOS UBEDA 3868 VILLAGE DO OSL II,77,56059,RUA LUIZ CARLOS UBEDA 3868 VILLAGE DO SOL II,5448,0.026869476
56059,RUA LIUZ ARLOS UBEDA 3868 VILLAGE DO OSL II,77,56108,RUA LUIZ CARLOS UBEDA 4276 VILLAGE DO SOL II,7609,0.034762025
56059,RUA LIUZ ARLOS UBEDA 3868 VILLAGE DO OSL II,77,52166,RUA EITOR OZIAS SCHUINDT 4305 VILLAGE DO SOL II,1094,0.058857672
56059,RUA LIUZ ARLOS UBEDA 3868 VILLAGE DO OSL II,77,52093,RUA EDUILCO BARBOSA GOES 3821 VILLAGE DO SOL II,3270,0.06158396
56059,RUA LIUZ ARLOS UBEDA 3868 VILLAGE DO OSL II,77,56172,RUA LUIZ LEMZI 3267 VILAGE DO SOL,4887,0.06790276
748315,RUA MOISES BEZEbRRA 898 CHAGAS AGpûIAR,78,748315,RUA MOISES BEZERRA 898 CHAGAS AGUIAR,2772,0.090150334
748315,RUA MOISES BEZEbRRA 898 CHAGAS AGpûIAR,78,743217,RUA AREAL SOUTO 299 CHAGAS AGUIAR,3600,0.11255394
748315,RUA MOISES BEZEbRRA 898 CHAGAS AGpûIAR,78,48592,RUA ANITA GARIBALDI 2945 TEIXEIRAO,243,0.117552154
748315,RUA MOISES BEZEbRRA 898 CHAGAS AGpûIAR,78,1090287,RUA EDUARDO BRAGA 298 COLONIATERRA NOVA,3732,0.11949855
748315,RUA MOISES BEZEbRRA 898 CHAGAS AGpûIAR,78,801683,RUA GASPAR MAIA 744 JAUARY I,8250,0.12183891
765504,RUA oASTO RODOLFO 197 CONCRODIA,79,765504,RUA PASTO RODOLFO 197 CONCORDIA,1935,0.038462967
765504,RUA oASTO RODOLFO 197 CONCRODIA,79,747225,RUA JHONATAS PEDROSA 181 SANTA EFIGENIA,1032,0.06276579
765504,RUA oASTO RODOLFO 197 CONCRODIA,79,605990,RUA TEOTONIO VILELA 168 SOBRAL,7370,0.06831813
765504,RUA oASTO RODOLFO 197 CONCRODIA,79,475823,RUA JOSE COUTINHO LEITRA 1941 ACRELANDIA,3799,0.07007404
765504,RUA oASTO RODOLFO 197 CONCRODIA,79,562807,RUA CUSTODIO FREIRE 26 BOSQUE,8506,0.07190924
142479,RUA HODURAS 570 JARDIM DAS SERINGUEIRA,80,142479,RUA HONDURAS 570 JARDIM DAS SERINGUEIRA,301,0.004578851
142479,RUA HODURAS 570 JARDIM DAS SERINGUEIRA,80,142502,RUA HONDURAS 811 JARDIM DAS SERINGUEIRAS,4818,0.026730899
142479,RUA HODURAS 570 JARDIM DAS SERINGUEIRA,80,140259,RUA ESTONIA 2492 JARDIM DAS SERINGUEIRAS,5637,0.04792706
142479,RUA HODURAS 570 JARDIM DAS SERINGUEIRA,80,140249,RUA ESTONIA 2429 JARDIM DAS SERINGUEIRAS,4377,0.049057685
142479,RUA HODURAS 570 JARDIM DAS SERINGUEIRA,80,149809,RUA PARAGUAI 131 JARDIM DAS SERINGUEIRAS,8682,0.05524689
366242,,81,469309,LINHA 66 230 None,2285,0.40733886
366242,,81,120745,LINHA 627 941 None,7835,0.43104288
366242,,81,64782,LINHA 04 62 None,3754,0.4340873
366242,,81,330648,RUA 8 40 None,7188,0.4375673
366242,,81,424224,LINHA C 22 74 None,6638,0.44782203
1142762,RUA LAURO BITrECNOURT 380 SANTO ANTONIO,82,1142762,RUA LAURO BITTENCOURT 380 SANTO ANTONIO,3879,0.031006502
1142762,RUA LAURO BITrECNOURT 380 SANTO ANTONIO,82,1142831,RUA LAURO BITTENCOURT 690 SANTO ANTONIO,4305,0.038601004
1142762,RUA LAURO BITrECNOURT 380 SANTO ANTONIO,82,1142669,RUA LAURO BITTENCOURT 214 SANTO ANTONIO,8242,0.03926339
1142762,RUA LAURO BITrECNOURT 380 SANTO ANTONIO,82,1142720,RUA LAURO BITTENCOURT 288 SANTO ANTONIO,8304,0.03958109
1142762,RUA LAURO BITrECNOURT 380 SANTO ANTONIO,82,1142657,RUA LAURO BITTENCOURT 203 SANTO ANTONIO,7178,0.044196628
832913,RUA ANTONIO AONSO 1288 PRETA,83,832913,RUA ANTONIO AFONSO 1288 TERRA PRETA,3448,0.049495317
832913,RUA ANTONIO AONSO 1288 PRETA,83,678678,RUA PLINIO COELHO 1095 AMATURA,1636,0.06831031
832913,RUA ANTONIO AONSO 1288 PRETA,83,832907,RUA ANTONIO AFONSO 1190 TERRA PRETA,6001,0.06960051
832913,RUA ANTONIO AONSO 1288 PRETA,83,773329,RUA AFONSO PENA 2280 NOVA HUMAITA,2143,0.073190555
832913,RUA ANTONIO AONSO 1288 PRETA,83,833011,RUA ANTONIO SOFIM 1812 LIBERDADE,2946,0.07572546
1076181,RUA DO COMfERCIO 28 zCIDADE tNOVA,84,256102,RUA FABIA 7650 TEIXEIRAO,9556,0.119193844
1076181,RUA DO COMfERCIO 28 zCIDADE tNOVA,84,500026,RUA DO PARA 1820 CRUZEIRAO,4527,0.123892084
1076181,RUA DO COMfERCIO 28 zCIDADE tNOVA,84,763307,RUA MARECHAL DEODORO 495 None,9410,0.12395392
1076181,RUA DO COMfERCIO 28 zCIDADE tNOVA,84,1046656,RUA COLIBRI 25 COROADO,5557,0.12475476
1076181,RUA DO COMfERCIO 28 zCIDADE tNOVA,84,562740,RUA CUMARU 5 VITORIA,9175,0.12522706
146345,RUA MNOEL FRANçO 183 NOVA BRASILIA,85,146345,RUA MANOEL FRANCO 183 NOVA BRASILIA,9919,0.041909736
146345,RUA MNOEL FRANçO 183 NOVA BRASILIA,85,149026,RUA MOGNO 2186 NOVA BRASILIA,1578,0.05703342
146345,RUA MNOEL FRANçO 183 NOVA BRASILIA,85,148982,RUA MOGNO 1653 NOVA BRASILIA,7868,0.05954218
146345,RUA MNOEL FRANçO 183 NOVA BRASILIA,85,146472,RUA MANOEL FRANCO 1645 NOVA BRASILIA,1228,0.060347207
146345,RUA MNOEL FRANçO 183 NOVA BRASILIA,85,1104391,RUA GALILEIA 43 NOVO ISRAEL,9412,0.06366626
9552,AVENIDA PERIMENTAL LESE 4007 SEgOR 1q1,86,897273,AVENIDA TEFE 697 CACHOEIRINHA,8641,0.124928996
9552,AVENIDA PERIMENTAL LESE 4007 SEgOR 1q1,86,888511,AVENIDA PENETRACAO UM 1297 JAPIIM,1848,0.12689422
9552,AVENIDA PERIMENTAL LESE 4007 SEgOR 1q1,86,888332,AVENIDA PENETRACAO DOIS 1462 JAPIIM,6819,0.12832767
9552,AVENIDA PERIMENTAL LESE 4007 SEgOR 1q1,86,900007,AVENIDA VIA LACTEA 1088 ALEIXO,1776,0.13094386
9552,AVENIDA PERIMENTAL LESE 4007 SEgOR 1q1,86,900230,AVENIDA VIOLETA AREOSA 40 ALVORADA,3889,0.13204026
416060,,87,469309,LINHA 66 230 None,2285,0.3671447
416060,,87,330648,RUA 8 40 None,7188,0.38870895
416060,,87,120745,LINHA 627 941 None,7835,0.3951244
416060,,87,64782,LINHA 04 62 None,3754,0.4051826
416060,,87,164312,LINHA 208 7 None,4387,0.41129172
15645,úA CAUCHO 4470 RUuRAL POLO MVELEIRO,88,541772,BECO INGA 40 MOCINHA MAGALHAES,136,0.13287558
15645,úA CAUCHO 4470 RUuRAL POLO MVELEIRO,88,630195,TRAVESSA PEDRO VALE 194 FLORESTA,2721,0.1360302
15645,úA CAUCHO 4470 RUuRAL POLO MVELEIRO,88,633291,TRAVESSA ZECA TORRES 66 CHICO MENDES,3752,0.13972905
15645,úA CAUCHO 4470 RUuRAL POLO MVELEIRO,88,925245,BECO PARINTINS 160 ALEIXO,6527,0.14038844
15645,úA CAUCHO 4470 RUuRAL POLO MVELEIRO,88,931055,BECO STO ANDRE 34 ALVORADA,9382,0.14362964
840182,RUA RIO DE JANEIRO 55 CENTRO,89,840182,RUA RIO DE JANEIRO 55 CENTRO,2192,4.6629815e-05
840182,RUA RIO DE JANEIRO 55 CENTRO,89,840186,RUA RIO DE JANEIRO 63 CENTRO,5691,0.015343706
840182,RUA RIO DE JANEIRO 55 CENTRO,89,599342,RUA RIO DE JANEIRO 287 CENTRO,8196,0.03903155
840182,RUA RIO DE JANEIRO 55 CENTRO,89,72570,RUA RIO DE JANEIRO 1767 CENTRO,5795,0.05281605
840182,RUA RIO DE JANEIRO 55 CENTRO,89,441271,RUA RIO CLARO 2144 CENTRO,8818,0.089173526
623924,RAVESSA CRUEZIRO DO SUL 61 PREVENTORIO,90,623924,TRAVESSA CRUZEIRO DO SUL 61 PREVENTORIO,6430,0.066205494
623924,RAVESSA CRUEZIRO DO SUL 61 PREVENTORIO,90,914891,BECO CASTANHO 55 TANCREDO NEVES COMUNIDADE NOVA CONQUIST,7817,0.12832451
623924,RAVESSA CRUEZIRO DO SUL 61 PREVENTORIO,90,673141,RAMAL SAO VICENTE 21 PROJETO HUMAITA,8070,0.13757439
623924,RAVESSA CRUEZIRO DO SUL 61 PREVENTORIO,90,534852,IGARAPE CRUZEIRO DO VALE 4 BOA VISTA,3651,0.13997737
623924,RAVESSA CRUEZIRO DO SUL 61 PREVENTORIO,90,635331,COLONIA SANTA LUZIA 16 PROJETO ORIENTE,3805,0.14291269
90647,RUA SERRA AZUL 2744 CENTROg,91,90647,RUA SERRA AZUL 2744 CENTRO,3438,0.020713909
90647,RUA SERRA AZUL 2744 CENTROg,91,90659,RUA SERRA AZUL 2970 CENTRO,1356,0.037546776
90647,RUA SERRA AZUL 2744 CENTROg,91,172084,RUA PIAUI 3311 CENTRO,5181,0.059785113
90647,RUA SERRA AZUL 2744 CENTROg,91,438356,RUA SEREJEIRA 2267 CENTRO,6972,0.059983622
90647,RUA SERRA AZUL 2744 CENTROg,91,87174,RUA DA MATRIZ 2270 CENTRO,1608,0.065768674
741370,BECO RIBEIRO 433 fENTRO,92,914397,BECO CABRAL 46 JAPIIM,5440,0.11202128
741370,BECO RIBEIRO 433 fENTRO,92,217373,BECO TRACAJAS 7011 CASTANHEIRA,6627,0.11205389
741370,BECO RIBEIRO 433 fENTRO,92,914361,BECO CABRAL 25 JAPIIM,2401,0.116145626
741370,BECO RIBEIRO 433 fENTRO,92,104737,BECO 03 62 GUAJARA MIRIM,6661,0.116493836
741370,BECO RIBEIRO 433 fENTRO,92,914415,BECO CABRAL 76 JAPIIM,4026,0.11770411
397652,AVENIDA MARECHAL RONDON 5727 CENTRO CENTRO,93,397652,AVENIDA MARECHAL RONDON 5727 CENTRO,7449,0.015427412
397652,AVENIDA MARECHAL RONDON 5727 CENTRO CENTRO,93,371730,AVENIDA MARECHAL RONDON 4034 CENTRO,6353,0.019439038
397652,AVENIDA MARECHAL RONDON 5727 CENTRO CENTRO,93,397511,AVENIDA MARECHAL RONDON 4744 CENTRO,3744,0.021454986
397652,AVENIDA MARECHAL RONDON 5727 CENTRO CENTRO,93,397527,AVENIDA MARECHAL RONDON 4815 CENTRO,9794,0.023718167
397652,AVENIDA MARECHAL RONDON 5727 CENTRO CENTRO,93,402144,AVENIDA MARECHAL RONDON 3808 CENTRO,230,0.027280968
212490,,94,131608,RUA BELEM 2685 JK,8430,0.4824221
212490,,94,132778,RUA CALAMA 1024 JOTAO,9220,0.4863814
212490,,94,946188,RUA 05 60 TARUMA,6765,0.48853204
212490,,94,329724,RUA 41 B 1 N0VA MUTUM,8431,0.49515194
212490,,94,966082,RUA 31 9 TARUMA ACU,6596,0.497718
355736,RU AUoM 6640 BOAm ESoERANCA,95,931898,BECO UIRAPURU 3 75 COROADO,5877,0.17302796
355736,RU AUoM 6640 BOAm ESoERANCA,95,922415,BECO JUPIS 60 JAPIIM,2590,0.1767562
355736,RU AUoM 6640 BOAm ESoERANCA,95,911008,BECO AYRAO 250 CACHOEIRINHA,7053,0.18801975
355736,RU AUoM 6640 BOAm ESoERANCA,95,931919,BECO UIRAPURU 5 4 COROADO,6753,0.18869737
355736,RU AUoM 6640 BOAm ESoERANCA,95,925139,BECO PARA 8 JAPIIM,6393,0.20337337
133817,RUA CASTANHEIRA 531 EIXEIRA,96,288985,RUA ORLANDINA 5213 CASTANHEIRA,5538,0.0549727
133817,RUA CASTANHEIRA 531 EIXEIRA,96,308370,RUA TAMARINEIRA 6477 CASTANHEIRA,7599,0.06216538
133817,RUA CASTANHEIRA 531 EIXEIRA,96,253732,RUA ENCANTO 3635 CASTANHEIRA,3653,0.06549147
133817,RUA CASTANHEIRA 531 EIXEIRA,96,261464,RUA GOIABEIRA 6765 CASTANHEIRA,5027,0.06873393
133817,RUA CASTANHEIRA 531 EIXEIRA,96,57432,RUA MUNICIPAL 1230 TEIXEIRAO,8776,0.07248451
1096403,RUA F 12 JORGE TEIXEIRA COMUNkIDAD EBAIRRO NOVO,97,990776,RUA AMBE 102 JORGE TEIXEIRA COMUNIDADE VAL PARAISO,6522,0.06577058
1096403,RUA F 12 JORGE TEIXEIRA COMUNkIDAD EBAIRRO NOVO,97,895815,AVENIDA SUMARE 476 JORGE TEIXEIRA COMUNIDADE VAL PARAISO,8427,0.06650673
1096403,RUA F 12 JORGE TEIXEIRA COMUNkIDAD EBAIRRO NOVO,97,947973,RUA 1 119 JORGE TEIXEIRA MONTE SIAO,4841,0.069497496
1096403,RUA F 12 JORGE TEIXEIRA COMUNkIDAD EBAIRRO NOVO,97,1044891,RUA CIPO TUIRA 405 JORGE TEIXEIRA,7617,0.07151672
1096403,RUA F 12 JORGE TEIXEIRA COMUNkIDAD EBAIRRO NOVO,97,1049910,RUA CRISANTEMOS 13 JORGE TEIXEIRA 1 ETAPA,3561,0.07923129
661925,RUA ELPIDIO DE ANDRADE 265 CENTRO,98,661925,RUA ELPIDIO DE ANDRADE 265 CENTRO,1719,2.6320748e-05
661925,RUA ELPIDIO DE ANDRADE 265 CENTRO,98,676020,RUA GETULIO VARGAS 466 CENTRO,7322,0.07889177
661925,RUA ELPIDIO DE ANDRADE 265 CENTRO,98,689201,RUA ANGELO PORTUGAL 268 CENTRO,4339,0.07983352
661925,RUA ELPIDIO DE ANDRADE 265 CENTRO,98,172196,RUA PRUDENTE DE MORAES 2976 CENTRO,7079,0.082015045
661925,RUA ELPIDIO DE ANDRADE 265 CENTRO,98,55083,RUA JOSE DO PATROCINIO 1678 CENTRO,728,0.08434103
603614,eUA SEM DENOMINAgCAO 56 PACAS,99,930137,BECO SEM DENOMINACAO 22 REDENCAO,5690,0.097566694
603614,eUA SEM DENOMINAgCAO 56 PACAS,99,845506,RAMAL SEM DENOMINACAO 100 MANACAPURU,8991,0.10094432
603614,eUA SEM DENOMINAgCAO 56 PACAS,99,660939,BECO SEM DENOMINACAO 3 7 COPACABANA,4535,0.109213576
603614,eUA SEM DENOMINAgCAO 56 PACAS,99,35943,LINHA SEM DENOMINACAO 15 POVOADO D MASSANGANA,6498,0.11820626
603614,eUA SEM DENOMINAgCAO 56 PACAS,99,603967,RUA SEM DENOMINACAO 620 DAL PASQUALE,3541,0.118367255
